Date,AlbemarleCounty_bin,ArlingtonCounty_bin,CarolineCounty_bin,CarrollCounty_bin,CharlesCityCounty_bin,ChesterfieldCounty_bin,CulpeperCounty_bin,FairfaxCounty_bin,FauquierCounty_bin,FrederickCounty_bin,GilesCounty_bin,HanoverCounty_bin,HenricoCounty_bin,KingWilliamCounty_bin,LoudounCounty_bin,MadisonCounty_bin,PageCounty_bin,PrinceEdwardCounty_bin,PrinceWilliamCounty_bin,RoanokeCounty_bin,RockbridgeCounty_bin,RockinghamCounty_bin,StaffordCounty_bin,WarrenCounty_bin,WytheCounty_bin,Alexandria_bin,Fredericksburg_bin,Hampton_bin,Hopewell_bin,Lynchburg_bin,NewportNews_bin,Norfolk_bin,Richmond_bin,Roanoke_bin,Salem_bin,Suffolk_bin,VirginiaBeach_bin,Winchester_bin,AlbemarleCounty_count,ArlingtonCounty_count,CarolineCounty_count,CarrollCounty_count,CharlesCityCounty_count,ChesterfieldCounty_count,CulpeperCounty_count,FairfaxCounty_count,FauquierCounty_count,FrederickCounty_count,GilesCounty_count,HanoverCounty_count,HenricoCounty_count,KingWilliamCounty_count,LoudounCounty_count,MadisonCounty_count,PageCounty_count,PrinceEdwardCounty_count,PrinceWilliamCounty_count,RoanokeCounty_count,RockbridgeCounty_count,RockinghamCounty_count,StaffordCounty_count,WarrenCounty_count,WytheCounty_count,Alexandria_count,Fredericksburg_count,Hampton_count,Hopewell_count,Lynchburg_count,NewportNews_count,Norfolk_count,Richmond_count,Roanoke_count,Salem_count,Suffolk_count,VirginiaBeach_count,Winchester_count,AlbemarleCounty_lanes,ArlingtonCounty_lanes,CarolineCounty_lanes,CarrollCounty_lanes,CharlesCityCounty_lanes,ChesterfieldCounty_lanes,CulpeperCounty_lanes,FairfaxCounty_lanes,FauquierCounty_lanes,FrederickCounty_lanes,GilesCounty_lanes,HanoverCounty_lanes,HenricoCounty_lanes,KingWilliamCounty_lanes,LoudounCounty_lanes,MadisonCounty_lanes,PageCounty_lanes,PrinceEdwardCounty_lanes,PrinceWilliamCounty_lanes,RoanokeCounty_lanes,RockbridgeCounty_lanes,RockinghamCounty_lanes,StaffordCounty_lanes,WarrenCounty_lanes,WytheCounty_lanes,Alexandria_lanes,Fredericksburg_lanes,Hampton_lanes,Hopewell_lanes,Lynchburg_lanes,NewportNews_lanes,Norfolk_lanes,Richmond_lanes,Roanoke_lanes,Salem_lanes,Suffolk_lanes,VirginiaBeach_lanes,Winchester_lanes
0101,0,0,0,0,0,0,0,1,0,0,0,0,0,0,1,0,0,1,0,0,0,0,0,0,0,0,1,0,0,0,0,0,0,0,0,0,0,0,0,0,0,0,0,0,0,3,0,0,0,0,0,0,1,0,0,4,0,0,0,0,0,0,0,0,1,0,0,0,0,0,0,0,0,0,0,0,0,0,0,0,0,0,0,18,0,0,0,0,0,0,5,0,0,27,0,0,0,0,0,0,0,0,7,0,0,0,0,0,0,0,0,0,0,0
0102,0,0,0,0,0,0,0,1,0,0,0,0,0,0,0,0,0,1,0,0,0,0,0,0,0,0,0,0,0,0,0,0,0,0,0,0,0,0,0,0,0,0,0,0,0,4,0,0,0,0,0,0,0,0,0,3,0,0,0,0,0,0,0,0,0,0,0,0,0,0,0,0,0,0,0,0,0,0,0,0,0,0,0,24,0,0,0,0,0,0,0,0,0,18,0,0,0,0,0,0,0,0,0,0,0,0,0,0,0,0,0,0,0,0
0103,0,0,0,0,0,1,0,1,0,0,0,0,0,0,0,0,0,1,0,0,0,0,0,0,0,0,0,0,0,0,0,0,0,0,0,0,0,0,0,0,0,0,0,1,0,2,0,0,0,0,0,0,0,0,0,8,0,0,0,0,0,0,0,0,0,0,0,0,0,0,0,0,0,0,0,0,0,0,0,0,0,10,0,11,0,0,0,0,0,0,0,0,0,48,0,0,0,0,0,0,0,0,0,0,0,0,0,0,0,0,0,0,0,0
0104,0,0,0,0,0,1,0,1,0,0,0,0,0,0,0,0,0,1,0,0,0,0,0,0,0,0,0,0,0,0,0,0,0,0,0,0,0,0,0,0,0,0,0,7,0,3,0,0,0,0,0,0,0,0,0,7,0,0,0,0,0,0,0,0,0,0,0,0,0,0,0,0,0,0,0,0,0,0,0,0,0,42,0,18,0,0,0,0,0,0,0,0,0,36,0,0,0,0,0,0,0,0,0,0,0,0,0,0,0,0,0,0,0,0
0105,0,0,0,0,0,1,0,0,0,0,0,0,0,0,0,0,0,1,0,0,0,0,0,0,0,0,0,0,0,0,0,0,0,0,0,0,0,0,0,0,0,0,0,1,0,0,0,0,0,0,0,0,0,0,0,4,0,0,0,0,0,0,0,0,0,0,0,0,0,0,0,0,0,0,0,0,0,0,0,0,0,6,0,0,0,0,0,0,0,0,0,0,0,24,0,0,0,0,0,0,0,0,0,0,0,0,0,0,0,0,0,0,0,0
0106,0,0,0,0,0,1,0,1,0,0,0,0,0,0,0,0,0,1,0,0,0,0,0,0,0,0,0,0,0,0,0,0,0,0,0,0,0,0,0,0,0,0,0,2,0,3,0,0,0,0,0,0,0,0,0,2,0,0,0,0,0,0,0,0,0,0,0,0,0,0,0,0,0,0,0,0,0,0,0,0,0,10,0,14,0,0,0,0,0,0,0,0,0,12,0,0,0,0,0,0,0,0,0,0,0,0,0,0,0,0,0,0,0,0
0107,0,0,0,0,0,1,0,1,1,0,0,0,0,0,1,0,0,1,1,0,1,0,0,0,0,0,0,1,0,0,0,0,0,0,0,0,0,0,0,0,0,0,0,4,0,5,3,0,0,0,0,0,1,0,0,6,5,0,1,0,0,0,0,0,0,1,0,0,0,0,0,0,0,0,0,0,0,0,0,0,0,20,0,30,18,0,0,0,0,0,6,0,0,36,29,0,6,0,0,0,0,0,0,0,0,0,0,0,0,0,0,0,0,0
0108,0,0,0,0,0,1,0,1,0,0,1,0,0,0,0,0,0,1,0,0,0,0,0,0,0,0,0,0,0,0,0,0,0,0,0,0,0,0,0,0,0,0,0,8,0,9,0,0,2,0,0,0,0,0,0,3,0,0,0,0,0,0,0,0,0,0,0,0,0,0,0,0,0,0,0,0,0,0,0,0,0,46,0,54,0,0,12,0,0,0,0,0,0,20,0,0,0,0,0,0,0,0,0,0,0,0,0,0,0,0,0,0,0,0
0109,0,0,0,0,0,1,0,1,0,0,1,0,0,0,0,0,0,1,0,0,0,0,0,0,0,0,0,0,0,0,0,0,0,0,0,0,0,0,0,0,0,0,0,4,0,1,0,0,3,0,0,0,0,0,0,5,0,0,0,0,0,0,0,0,0,0,0,0,0,0,0,0,0,0,0,0,0,0,0,0,0,21,0,6,0,0,15,0,0,0,0,0,0,27,0,0,0,0,0,0,0,0,0,0,0,0,0,0,0,0,0,0,0,0
0110,0,0,0,0,0,1,0,1,0,0,0,0,0,0,0,0,0,1,0,0,0,0,0,0,0,0,0,0,0,0,0,0,0,0,0,0,0,0,0,0,0,0,0,4,0,6,0,0,0,0,0,0,0,0,0,6,0,0,0,0,0,0,0,0,0,0,0,0,0,0,0,0,0,0,0,0,0,0,0,0,0,22,0,32,0,0,0,0,0,0,0,0,0,33,0,0,0,0,0,0,0,0,0,0,0,0,0,0,0,0,0,0,0,0
0111,0,0,0,0,0,1,0,1,0,0,1,1,0,0,1,0,0,1,0,0,0,0,0,0,0,0,0,0,0,0,0,0,0,0,0,0,0,0,0,0,0,0,0,5,0,2,0,0,1,1,0,0,1,0,0,4,0,0,0,0,0,0,0,0,0,0,0,0,0,0,0,0,0,0,0,0,0,0,0,0,0,27,0,9,0,0,6,5,0,0,6,0,0,23,0,0,0,0,0,0,0,0,0,0,0,0,0,0,0,0,0,0,0,0
0112,0,0,1,1,0,1,0,1,0,0,1,0,0,0,0,0,0,1,0,0,0,0,0,0,0,0,0,0,0,0,0,0,0,0,0,0,0,0,0,0,2,12,0,3,0,4,0,0,3,0,0,0,0,0,0,8,0,0,0,0,0,0,0,0,0,0,0,0,0,0,0,0,0,0,0,0,0,0,12,36,0,12,0,24,0,0,12,0,0,0,0,0,0,45,0,0,0,0,0,0,0,0,0,0,0,0,0,0,0,0,0,0,0,0
0113,1,0,0,1,0,1,0,1,0,0,0,0,0,0,0,1,0,1,0,0,0,0,0,0,0,0,0,0,0,0,0,0,0,0,0,0,0,0,4,0,0,1,0,2,0,3,0,0,0,0,0,0,0,1,0,3,0,0,0,0,0,0,0,0,0,0,0,0,0,0,0,0,0,0,0,0,24,0,0,3,0,12,0,13,0,0,0,0,0,0,0,3,0,18,0,0,0,0,0,0,0,0,0,0,0,0,0,0,0,0,0,0,0,0
0114,1,0,1,0,0,1,0,1,0,0,0,0,0,0,0,1,0,1,0,0,0,0,0,0,0,0,0,0,0,0,0,0,0,0,0,0,0,0,1,0,2,0,0,5,0,1,0,0,0,0,0,0,0,3,0,5,0,0,0,0,0,0,0,0,0,0,0,0,0,0,0,0,0,0,0,0,6,0,12,0,0,22,0,6,0,0,0,0,0,0,0,22,0,32,0,0,0,0,0,0,0,0,0,0,0,0,0,0,0,0,0,0,0,0
0115,0,0,1,0,0,1,0,1,0,0,0,0,0,0,0,1,0,1,0,0,0,0,0,0,0,0,0,0,0,0,0,0,0,0,0,0,0,0,0,0,1,0,0,12,0,2,0,0,0,0,0,0,0,2,0,4,0,0,0,0,0,0,0,0,0,0,0,0,0,0,0,0,0,0,0,0,0,0,6,0,0,72,0,10,0,0,0,0,0,0,0,12,0,26,0,0,0,0,0,0,0,0,0,0,0,0,0,0,0,0,0,0,0,0
0116,1,0,1,0,0,1,0,1,0,0,0,0,0,0,0,1,0,1,0,0,0,0,0,0,1,0,0,0,0,0,0,0,0,0,0,0,0,0,1,0,1,0,0,12,0,5,0,0,0,0,0,0,0,2,0,5,0,0,0,0,0,0,1,0,0,0,0,0,0,0,0,0,0,0,0,0,7,0,6,0,0,69,0,25,0,0,0,0,0,0,0,10,0,32,0,0,0,0,0,0,6,0,0,0,0,0,0,0,0,0,0,0,0,0
0117,1,0,0,0,0,1,0,1,0,0,0,0,0,0,0,0,0,1,0,0,0,0,0,0,0,0,0,0,0,0,0,0,0,0,0,0,0,0,4,0,0,0,0,5,0,2,0,0,0,0,0,0,0,0,0,3,0,0,0,0,0,0,0,0,0,0,0,0,0,0,0,0,0,0,0,0,23,0,0,0,0,28,0,9,0,0,0,0,0,0,0,0,0,20,0,0,0,0,0,0,0,0,0,0,0,0,0,0,0,0,0,0,0,0
0118,1,0,1,0,0,1,0,0,0,0,0,0,0,0,1,0,0,1,0,0,0,0,0,0,0,0,0,0,0,0,0,0,0,0,0,0,0,0,3,0,2,0,0,6,0,0,0,0,0,0,0,0,1,0,0,1,0,0,0,0,0,0,0,0,0,0,0,0,0,0,0,0,0,0,0,0,17,0,14,0,0,33,0,0,0,0,0,0,0,0,7,0,0,4,0,0,0,0,0,0,0,0,0,0,0,0,0,0,0,0,0,0,0,0
0119,1,0,1,0,0,1,0,1,0,0,0,0,0,0,1,0,0,1,0,0,0,0,0,0,0,0,0,0,0,0,0,0,0,0,0,0,0,0,4,0,3,0,0,1,0,3,0,0,0,0,0,0,1,0,0,4,0,0,0,0,0,0,0,0,0,0,0,0,0,0,0,0,0,0,0,0,19,0,20,0,0,3,0,13,0,0,0,0,0,0,6,0,0,24,0,0,0,0,0,0,0,0,0,0,0,0,0,0,0,0,0,0,0,0
0120,1,0,1,0,0,1,0,1,0,0,0,0,0,0,0,0,0,0,0,0,0,0,0,0,0,0,0,0,0,0,0,0,0,0,0,0,0,0,4,0,1,0,0,2,0,3,0,0,0,0,0,0,0,0,0,0,0,0,0,0,0,0,0,0,0,0,0,0,0,0,0,0,0,0,0,0,22,0,7,0,0,13,0,15,0,0,0,0,0,0,0,0,0,0,0,0,0,0,0,0,0,0,0,0,0,0,0,0,0,0,0,0,0,0
0121,1,0,1,0,0,1,0,1,1,0,0,0,0,0,0,0,0,1,0,0,0,0,0,0,0,0,0,0,0,0,0,0,0,0,0,1,0,0,6,0,3,0,0,3,0,2,1,0,0,0,0,0,0,0,0,7,0,0,0,0,0,0,0,0,0,0,0,0,0,0,0,0,0,1,0,0,28,0,18,0,0,15,0,10,7,0,0,0,0,0,0,0,0,37,0,0,0,0,0,0,0,0,0,0,0,0,0,0,0,0,0,4,0,0
0122,1,0,1,0,0,1,0,1,0,0,0,0,0,0,0,0,0,1,0,0,0,0,0,0,0,0,0,0,0,0,0,0,0,0,0,0,0,0,4,0,3,0,0,4,0,2,0,0,0,0,0,0,0,0,0,4,0,0,0,0,0,0,0,0,0,0,0,0,0,0,0,0,0,0,0,0,24,0,14,0,0,23,0,9,0,0,0,0,0,0,0,0,0,24,0,0,0,0,0,0,0,0,0,0,0,0,0,0,0,0,0,0,0,0
0123,1,0,1,0,0,1,0,1,0,0,0,0,0,0,0,0,0,1,0,1,0,0,0,0,0,0,0,0,0,0,0,0,0,0,0,0,0,0,2,0,1,0,0,4,0,4,0,0,0,0,0,0,0,0,0,6,0,1,0,0,0,0,0,0,0,0,0,0,0,0,0,0,0,0,0,0,13,0,6,0,0,22,0,20,0,0,0,0,0,0,0,0,0,22,0,3,0,0,0,0,0,0,0,0,0,0,0,0,0,0,0,0,0,0
0124,1,0,1,0,0,1,0,1,0,0,0,0,0,0,0,0,0,1,0,0,0,0,0,0,0,0,0,0,0,0,0,0,0,0,0,0,0,0,1,0,5,0,0,6,0,4,0,0,0,0,0,0,0,0,0,2,0,0,0,0,0,0,0,0,0,0,0,0,0,0,0,0,0,0,0,0,6,0,26,0,0,35,0,18,0,0,0,0,0,0,0,0,0,10,0,0,0,0,0,0,0,0,0,0,0,0,0,0,0,0,0,0,0,0
0125,0,0,1,0,0,1,0,1,1,1,0,0,1,0,0,0,0,1,0,0,0,0,0,0,0,0,0,0,0,0,0,0,0,0,0,0,0,0,0,0,3,0,0,4,0,6,4,20,0,0,2,0,0,0,0,10,0,0,0,0,0,0,0,0,0,0,0,0,0,0,0,0,0,0,0,0,0,0,16,0,0,22,0,22,24,115,0,0,12,0,0,0,0,51,0,0,0,0,0,0,0,0,0,0,0,0,0,0,0,0,0,0,0,0
0126,1,0,1,0,0,1,0,1,1,1,0,0,0,0,0,1,0,1,0,0,0,0,0,0,0,0,0,0,0,0,0,0,0,0,0,0,0,0,1,0,3,0,0,4,0,2,3,19,0,0,0,0,0,6,0,3,0,0,0,0,0,0,0,0,0,0,0,0,0,0,0,0,0,0,0,0,4,0,18,0,0,24,0,6,9,85,0,0,0,0,0,32,0,9,0,0,0,0,0,0,0,0,0,0,0,0,0,0,0,0,0,0,0,0
0127,1,0,0,0,0,1,0,1,1,1,0,0,0,0,0,1,0,1,0,0,0,0,0,0,0,0,0,0,0,0,0,0,0,0,0,0,0,0,1,0,0,0,0,6,0,5,2,6,0,0,0,0,0,8,0,2,0,0,0,0,0,0,0,0,0,0,0,0,0,0,0,0,0,0,0,0,6,0,0,0,0,36,0,21,14,33,0,0,0,0,0,41,0,9,0,0,0,0,0,0,0,0,0,0,0,0,0,0,0,0,0,0,0,0
0128,0,0,0,0,0,1,0,1,0,0,0,0,0,0,0,1,0,1,0,0,0,0,0,0,0,0,0,0,0,0,0,0,0,0,0,0,0,0,0,0,0,0,0,6,0,4,0,0,0,0,0,0,0,2,0,8,0,0,0,0,0,0,0,0,0,0,0,0,0,0,0,0,0,0,0,0,0,0,0,0,0,34,0,16,0,0,0,0,0,0,0,12,0,38,0,0,0,0,0,0,0,0,0,0,0,0,0,0,0,0,0,0,0,0
0129,0,0,0,0,0,1,0,1,0,0,0,0,0,0,0,0,0,1,0,0,0,0,0,0,0,0,0,0,0,0,0,0,0,0,0,0,0,0,0,0,0,0,0,2,0,7,0,0,0,0,0,0,0,0,0,4,0,0,0,0,0,0,0,0,0,0,0,0,0,0,0,0,0,0,0,0,0,0,0,0,0,8,0,35,0,0,0,0,0,0,0,0,0,19,0,0,0,0,0,0,0,0,0,0,0,0,0,0,0,0,0,0,0,0
0130,0,0,0,0,0,1,0,1,0,0,0,0,0,0,0,0,0,0,0,0,0,0,0,0,0,0,0,0,0,0,0,0,0,0,0,0,0,0,0,0,0,0,0,8,0,4,0,0,0,0,0,0,0,0,0,0,0,0,0,0,0,0,0,0,0,0,0,0,0,0,0,0,0,0,0,0,0,0,0,0,0,42,0,18,0,0,0,0,0,0,0,0,0,0,0,0,0,0,0,0,0,0,0,0,0,0,0,0,0,0,0,0,0,0
0131,0,0,0,0,1,1,0,1,0,0,0,0,0,0,0,0,0,1,0,0,0,0,0,0,0,0,0,0,0,0,0,0,0,0,0,0,0,0,0,0,0,0,1,6,0,5,0,0,0,0,0,0,0,0,0,2,0,0,0,0,0,0,0,0,0,0,0,0,0,0,0,0,0,0,0,0,0,0,0,0,6,34,0,22,0,0,0,0,0,0,0,0,0,6,0,0,0,0,0,0,0,0,0,0,0,0,0,0,0,0,0,0,0,0
0201,0,0,0,0,0,1,0,1,0,1,0,0,0,0,0,0,0,1,0,0,0,0,0,0,0,0,0,0,0,0,0,0,0,0,0,0,0,0,0,0,0,0,0,4,0,3,0,1,0,0,0,0,0,0,0,2,0,0,0,0,0,0,0,0,0,0,0,0,0,0,0,0,0,0,0,0,0,0,0,0,0,23,0,16,0,6,0,0,0,0,0,0,0,10,0,0,0,0,0,0,0,0,0,0,0,0,0,0,0,0,0,0,0,0
0202,0,0,0,0,0,1,0,1,0,1,0,0,0,0,0,0,0,1,0,0,0,0,0,0,0,0,0,0,0,0,0,0,0,0,0,0,0,0,0,0,0,0,0,2,0,6,0,2,0,0,0,0,0,0,0,2,0,0,0,0,0,0,0,0,0,0,0,0,0,0,0,0,0,0,0,0,0,0,0,0,0,12,0,34,0,12,0,0,0,0,0,0,0,12,0,0,0,0,0,0,0,0,0,0,0,0,0,0,0,0,0,0,0,0
0203,0,0,0,0,0,1,0,1,0,1,0,0,0,0,0,0,0,1,0,0,0,0,0,0,0,0,0,0,0,0,0,1,0,0,0,0,0,0,0,0,0,0,0,10,0,4,0,1,0,0,0,0,0,0,0,3,0,0,0,0,0,0,0,0,0,0,0,0,0,1,0,0,0,0,0,0,0,0,0,0,0,52,0,19,0,6,0,0,0,0,0,0,0,22,0,0,0,0,0,0,0,0,0,0,0,0,0,0,0,0,0,0,0,0
0204,1,0,0,0,0,1,0,1,0,0,0,0,0,0,0,0,0,1,0,0,1,0,0,0,0,0,0,0,0,0,0,0,0,0,0,0,0,0,1,0,0,0,0,7,0,6,0,0,0,0,0,0,0,0,0,1,0,0,1,0,0,0,0,0,0,0,0,0,0,0,0,0,0,0,0,0,6,0,0,0,0,46,0,36,0,0,0,0,0,0,0,0,0,6,0,0,6,0,0,0,0,0,0,0,0,0,0,0,0,0,0,0,0,0
0205,0,0,0,0,0,1,0,1,0,0,0,0,0,0,0,0,0,1,1,0,0,0,0,0,0,0,0,0,0,0,0,0,0,0,0,0,0,0,0,0,0,0,0,11,0,2,0,0,0,0,0,0,0,0,0,5,7,0,0,0,0,0,0,0,0,0,0,0,0,0,0,0,0,0,0,0,0,0,0,0,0,67,0,12,0,0,0,0,0,0,0,0,0,25,51,0,0,0,0,0,0,0,0,0,0,0,0,0,0,0,0,0,0,0
0206,0,0,0,1,0,1,0,1,0,0,1,0,0,0,1,0,0,1,1,1,0,0,1,0,1,0,0,0,0,0,0,0,0,0,0,0,0,0,0,0,0,7,0,14,0,7,0,0,18,0,0,0,1,0,0,7,6,2,0,0,1,0,2,0,0,0,0,0,0,0,0,0,0,0,0,0,0,0,0,6,0,63,0,42,0,0,84,0,0,0,6,0,0,40,36,10,0,0,6,0,6,0,0,0,0,0,0,0,0,0,0,0,0,0
0207,0,0,1,1,0,1,0,1,1,1,1,1,0,0,1,1,0,1,1,1,1,0,1,0,1,0,0,0,0,0,0,0,0,0,0,0,0,0,0,0,7,31,0,12,0,17,2,1,43,2,0,0,6,2,0,10,4,9,2,0,1,0,5,0,0,0,0,0,0,0,0,0,0,0,0,0,0,0,18,39,0,26,0,62,3,0,77,0,0,0,6,0,0,6,13,12,0,0,0,0,6,0,0,0,0,0,0,0,0,0,0,0,0,0
0208,0,0,1,1,0,1,0,1,0,1,1,0,0,0,0,1,0,1,1,1,1,0,1,1,1,0,0,0,0,0,0,0,0,0,0,0,0,0,0,0,1,2,0,12,0,2,0,4,31,0,0,0,0,3,0,7,2,10,7,0,4,2,5,0,0,0,0,0,0,0,0,0,0,0,0,0,0,0,6,0,0,18,0,8,0,0,56,0,0,0,0,6,0,12,12,6,15,0,0,6,6,0,0,0,0,0,0,0,0,0,0,0,0,0
0209,0,0,0,0,0,0,0,1,0,0,1,0,0,0,0,1,0,1,1,1,1,0,1,1,0,0,0,0,0,0,0,0,0,0,0,0,0,0,0,0,0,0,0,0,0,3,0,0,11,0,0,0,0,2,0,1,3,1,6,0,2,2,0,0,0,0,0,0,0,0,0,0,0,0,0,0,0,0,0,0,0,0,0,4,0,0,28,0,0,0,0,12,0,6,16,6,14,0,0,0,0,0,0,0,0,0,0,0,0,0,0,0,0,0
0210,0,0,0,0,0,1,0,1,0,0,1,0,0,0,0,1,0,1,1,1,1,0,0,1,0,0,0,0,0,0,0,0,0,0,0,0,0,0,0,0,0,0,0,1,0,2,0,0,11,0,0,0,0,4,0,2,2,2,6,0,0,5,0,0,0,0,0,0,0,0,0,0,0,0,0,0,0,0,0,0,0,6,0,12,0,0,26,0,0,0,0,18,0,10,12,4,4,0,0,6,0,0,0,0,0,0,0,0,0,0,0,0,0,0
0211,0,0,0,0,1,1,0,1,0,0,1,0,0,0,0,1,0,1,1,0,0,0,0,0,0,0,0,0,0,0,0,0,0,0,0,0,0,0,0,0,0,0,2,4,0,1,0,0,2,0,0,0,0,1,0,4,2,0,0,0,0,0,0,0,0,0,0,0,0,0,0,0,0,0,0,0,0,0,0,0,10,24,0,6,0,0,0,0,0,0,0,4,0,24,10,0,0,0,0,0,0,0,0,0,0,0,0,0,0,0,0,0,0,0
0212,0,0,0,0,0,1,0,1,0,0,1,0,0,0,0,1,0,1,1,0,0,0,0,0,0,0,0,0,0,0,0,1,0,0,0,0,0,0,0,0,0,0,0,3,0,2,0,0,1,0,0,0,0,5,0,2,4,0,0,0,0,0,0,0,0,0,0,0,0,2,0,0,0,0,0,0,0,0,0,0,0,20,0,16,0,0,10,0,0,0,0,20,0,14,24,0,0,0,0,0,0,0,0,0,0,0,0,16,0,0,0,0,0,0
0213,0,0,0,0,0,0,0,1,0,0,1,0,0,0,0,1,0,1,1,0,0,0,0,0,0,0,0,0,0,0,0,1,0,0,0,0,0,0,0,0,0,0,0,0,0,1,0,0,6,0,0,0,0,5,0,3,4,0,0,0,0,0,0,0,0,0,0,0,0,12,0,0,0,0,0,0,0,0,0,0,0,0,0,10,0,0,37,0,0,0,0,34,0,22,28,0,0,0,0,0,0,0,0,0,0,0,0,89,0,0,0,0,0,0
0214,0,0,0,0,0,0,0,1,0,0,1,0,0,0,0,1,0,1,1,1,0,0,0,0,0,0,0,0,0,0,0,1,0,0,0,0,0,0,0,0,0,0,0,0,0,3,0,0,3,0,0,0,0,2,0,1,3,1,0,0,0,0,0,0,0,0,0,0,0,13,0,0,0,0,0,0,0,0,0,0,0,0,0,19,0,0,22,0,0,0,0,13,0,6,18,0,0,0,0,0,0,0,0,0,0,0,0,94,0,0,0,0,0,0
0215,0,0,0,0,0,0,0,1,1,0,1,0,0,1,1,1,0,1,1,0,0,0,0,0,0,0,0,0,0,0,0,1,0,0,0,0,0,0,0,0,0,0,0,0,0,8,1,0,2,0,0,1,3,2,0,4,2,0,0,0,0,0,0,0,0,0,0,0,0,13,0,0,0,0,0,0,0,0,0,0,0,0,0,49,3,0,6,0,0,10,15,10,0,24,9,0,0,0,0,0,0,0,0,0,0,0,0,85,0,0,0,0,0,0
0216,0,0,0,0,0,0,0,1,0,0,1,0,0,0,0,1,0,1,0,0,0,0,0,0,0,0,0,0,0,0,0,1,0,0,0,0,0,0,0,0,0,0,0,0,0,11,0,0,2,0,0,0,0,2,0,2,0,0,0,0,0,0,0,0,0,0,0,0,0,12,0,0,0,0,0,0,0,0,0,0,0,0,0,70,0,0,16,0,0,0,0,5,0,16,0,0,0,0,0,0,0,0,0,0,0,0,0,88,0,0,0,0,0,0
0217,0,0,0,0,0,0,0,1,0,0,0,0,0,0,0,1,0,1,0,0,0,0,0,0,0,0,0,0,0,0,0,1,0,0,0,0,0,0,0,0,0,0,0,0,0,13,0,0,0,0,0,0,0,3,0,4,0,0,0,0,0,0,0,0,0,0,0,0,0,9,0,0,0,0,0,0,0,0,0,0,0,0,0,80,0,0,0,0,0,0,0,15,0,28,0,0,0,0,0,0,0,0,0,0,0,0,0,58,0,0,0,0,0,0
0218,0,0,0,0,0,0,0,1,0,0,0,0,0,0,0,1,0,1,0,0,0,0,0,0,0,0,0,0,0,0,0,1,0,0,0,0,0,0,0,0,0,0,0,0,0,12,0,0,0,0,0,0,0,3,0,2,0,0,0,0,0,0,0,0,0,0,0,0,0,11,0,0,0,0,0,0,0,0,0,0,0,0,0,65,0,0,0,0,0,0,0,20,0,12,0,0,0,0,0,0,0,0,0,0,0,0,0,73,0,0,0,0,0,0
0219,0,0,0,0,0,0,0,1,0,0,1,0,0,0,0,1,0,1,0,0,0,0,0,0,0,0,0,0,0,0,1,1,0,0,0,0,0,0,0,0,0,0,0,0,0,14,0,0,1,0,0,0,0,5,0,2,0,0,0,0,0,0,0,0,0,0,0,0,1,5,0,0,0,0,0,0,0,0,0,0,0,0,0,79,0,0,0,0,0,0,0,27,0,10,0,0,0,0,0,0,0,0,0,0,0,0,8,34,0,0,0,0,0,0
0220,1,0,0,0,0,0,0,1,0,0,0,0,0,0,0,1,0,1,0,0,0,0,0,0,0,0,0,0,0,0,0,1,0,0,0,0,0,0,4,0,0,0,0,0,0,7,0,0,0,0,0,0,0,3,0,5,0,0,0,0,0,0,0,0,0,0,0,0,0,4,0,0,0,0,0,0,24,0,0,0,0,0,0,41,0,0,0,0,0,0,0,15,0,34,0,0,0,0,0,0,0,0,0,0,0,0,0,28,0,0,0,0,0,0
0221,1,0,0,0,0,0,0,1,0,0,0,0,0,0,0,0,0,1,0,0,0,0,0,0,0,0,0,0,0,0,0,0,0,0,1,0,0,0,2,0,0,0,0,0,0,3,0,0,0,0,0,0,0,0,0,2,0,0,0,0,0,0,0,0,0,0,0,0,0,0,0,0,1,0,0,0,10,0,0,0,0,0,0,18,0,0,0,0,0,0,0,0,0,12,0,0,0,0,0,0,0,0,0,0,0,0,0,0,0,0,4,0,0,0
0222,1,0,0,0,0,0,0,1,1,1,0,0,0,0,0,0,0,1,0,0,0,0,0,0,0,0,0,0,0,0,0,0,0,0,0,0,0,0,1,0,0,0,0,0,0,3,1,1,0,0,0,0,0,0,0,1,0,0,0,0,0,0,0,0,0,0,0,0,0,0,0,0,0,0,0,0,3,0,0,0,0,0,0,9,6,6,0,0,0,0,0,0,0,6,0,0,0,0,0,0,0,0,0,0,0,0,0,0,0,0,0,0,0,0
0223,0,0,0,0,0,0,0,0,0,1,0,0,0,0,0,0,0,0,0,0,0,0,0,0,0,0,0,0,0,0,0,0,0,0,0,0,0,0,0,0,0,0,0,0,0,0,0,1,0,0,0,0,0,0,0,0,0,0,0,0,0,0,0,0,0,0,0,0,0,0,0,0,0,0,0,0,0,0,0,0,0,0,0,0,0,3,0,0,0,0,0,0,0,0,0,0,0,0,0,0,0,0,0,0,0,0,0,0,0,0,0,0,0,0
0224,0,0,0,0,0,0,0,1,0,1,0,0,0,0,0,0,0,1,0,0,0,0,0,0,0,0,0,1,0,0,0,0,0,0,0,0,0,0,0,0,0,0,0,0,0,2,0,1,0,0,0,0,0,0,0,3,0,0,0,0,0,0,0,0,0,1,0,0,0,0,0,0,0,0,0,0,0,0,0,0,0,0,0,12,0,6,0,0,0,0,0,0,0,16,0,0,0,0,0,0,0,0,0,0,0,0,0,0,0,0,0,0,0,0
0225,0,0,0,0,0,0,0,1,0,0,0,0,0,0,0,0,0,1,0,0,0,0,0,0,0,0,0,0,0,0,0,0,1,0,0,0,0,0,0,0,0,0,0,0,0,1,0,0,0,0,0,0,0,0,0,3,0,0,0,0,0,0,0,0,0,0,0,0,0,0,1,0,0,0,0,0,0,0,0,0,0,0,0,4,0,0,0,0,0,0,0,0,0,18,0,0,0,0,0,0,0,0,0,0,0,0,0,0,6,0,0,0,0,0
0226,0,0,0,0,0,0,0,1,0,1,0,0,0,0,0,0,0,1,0,0,0,0,0,0,0,0,0,0,0,0,1,0,0,0,0,0,0,0,0,0,0,0,0,0,0,1,0,1,0,0,0,0,0,0,0,2,0,0,0,0,0,0,0,0,0,0,0,0,1,0,0,0,0,0,0,0,0,0,0,0,0,0,0,6,0,6,0,0,0,0,0,0,0,12,0,0,0,0,0,0,0,0,0,0,0,0,4,0,0,0,0,0,0,0
0227,0,0,0,0,0,0,0,1,0,0,0,0,1,0,0,0,0,1,0,0,0,0,0,0,0,0,0,0,0,0,1,0,0,0,0,0,0,0,0,0,0,0,0,0,0,2,0,0,0,0,4,0,0,0,0,2,0,0,0,0,0,0,0,0,0,0,0,0,1,0,0,0,0,0,0,0,0,0,0,0,0,0,0,12,0,0,0,0,21,0,0,0,0,12,0,0,0,0,0,0,0,0,0,0,0,0,6,0,0,0,0,0,0,0
0228,0,0,0,0,0,0,0,1,0,0,0,0,0,0,0,0,0,0,0,0,0,0,0,0,0,0,0,0,0,0,0,0,0,0,0,0,0,0,0,0,0,0,0,0,0,2,0,0,0,0,0,0,0,0,0,0,0,0,0,0,0,0,0,0,0,0,0,0,0,0,0,0,0,0,0,0,0,0,0,0,0,0,0,11,0,0,0,0,0,0,0,0,0,0,0,0,0,0,0,0,0,0,0,0,0,0,0,0,0,0,0,0,0,0
0229,0,0,0,0,0,0,0,0,0,0,0,0,0,0,0,0,0,1,1,0,0,0,0,0,0,0,0,0,0,0,0,0,0,0,0,0,0,0,0,0,0,0,0,0,0,0,0,0,0,0,0,0,0,0,0,2,5,0,0,0,0,0,0,0,0,0,0,0,0,0,0,0,0,0,0,0,0,0,0,0,0,0,0,0,0,0,0,0,0,0,0,0,0,12,29,0,0,0,0,0,0,0,0,0,0,0,0,0,0,0,0,0,0,0
0301,0,0,0,0,0,0,0,1,0,0,0,0,0,0,0,0,0,1,1,0,1,0,0,0,0,0,0,0,0,0,0,0,0,0,0,0,0,0,0,0,0,0,0,0,0,3,0,0,0,0,0,0,0,0,0,2,6,0,1,0,0,0,0,0,0,0,0,0,0,0,0,0,0,0,0,0,0,0,0,0,0,0,0,15,0,0,0,0,0,0,0,0,0,12,28,0,6,0,0,0,0,0,0,0,0,0,0,0,0,0,0,0,0,0
0302,1,0,0,0,0,1,0,1,0,0,0,0,0,0,0,0,0,1,1,0,0,0,0,0,0,0,0,0,0,0,0,0,0,0,0,0,0,0,1,0,0,0,0,1,0,4,0,0,0,0,0,0,0,0,0,1,6,0,0,0,0,0,0,0,0,0,0,0,0,0,0,0,0,0,0,0,4,0,0,0,0,6,0,26,0,0,0,0,0,0,0,0,0,6,36,0,0,0,0,0,0,0,0,0,0,0,0,0,0,0,0,0,0,0
0303,1,0,0,0,0,1,0,1,0,0,0,0,0,0,0,0,0,1,1,0,0,0,0,0,0,0,0,0,0,0,0,0,0,0,0,0,0,0,3,0,0,0,0,3,0,5,0,0,0,0,0,0,0,0,0,1,8,0,0,0,0,0,0,0,0,0,0,0,0,0,0,0,0,0,0,0,16,0,0,0,0,16,0,31,0,0,0,0,0,0,0,0,0,6,48,0,0,0,0,0,0,0,0,0,0,0,0,0,0,0,0,0,0,0
0304,0,0,0,0,0,1,0,1,1,0,0,0,0,0,0,0,0,1,1,1,0,0,0,0,0,0,0,0,0,0,0,0,0,0,0,0,0,0,0,0,0,0,0,3,0,6,1,0,0,0,0,0,0,0,0,2,8,1,0,0,0,0,0,0,0,0,0,0,0,0,0,0,0,0,0,0,0,0,0,0,0,20,0,36,6,0,0,0,0,0,0,0,0,14,52,6,0,0,0,0,0,0,0,0,0,0,0,0,0,0,0,0,0,0
0305,1,0,0,0,0,1,0,1,0,0,0,0,0,0,0,0,0,1,1,0,0,0,0,0,0,0,0,0,0,0,0,0,0,0,0,0,0,0,1,0,0,0,0,5,0,2,0,0,0,0,0,0,0,0,0,1,9,0,0,0,0,0,0,0,0,0,0,0,0,0,0,0,0,0,0,0,8,0,0,0,0,30,0,14,0,0,0,0,0,0,0,0,0,6,52,0,0,0,0,0,0,0,0,0,0,0,0,0,0,0,0,0,0,0
0306,0,0,0,0,0,1,0,1,0,1,0,0,0,0,0,0,0,1,1,0,0,0,0,0,0,0,0,0,0,0,0,0,0,0,0,1,0,0,0,0,0,0,0,12,0,2,0,1,0,0,0,0,0,0,0,1,12,0,0,0,0,0,0,0,0,0,0,0,0,0,0,0,0,1,0,0,0,0,0,0,0,72,0,9,0,8,0,0,0,0,0,0,0,6,63,0,0,0,0,0,0,0,0,0,0,0,0,0,0,0,0,0,0,0
0307,1,0,0,0,0,1,0,1,1,0,0,0,0,0,0,0,0,1,1,0,0,0,0,0,0,0,0,0,0,0,0,0,0,0,0,0,0,0,1,0,0,0,0,6,0,1,4,0,0,0,0,0,0,0,0,2,11,0,0,0,0,0,0,0,0,0,0,0,0,0,0,0,0,0,0,0,6,0,0,0,0,36,0,4,24,0,0,0,0,0,0,0,0,14,64,0,0,0,0,0,0,0,0,0,0,0,0,0,0,0,0,0,0,0
0308,1,0,0,0,0,1,0,0,1,1,0,0,0,0,0,0,0,1,1,0,0,0,0,0,0,0,0,0,0,0,0,0,0,0,0,0,0,0,3,0,0,0,0,6,0,0,9,1,0,0,0,0,0,0,0,2,4,0,0,0,0,0,0,0,0,0,0,0,0,0,0,0,0,0,0,0,20,0,0,0,0,30,0,0,53,6,0,0,0,0,0,0,0,14,23,0,0,0,0,0,0,0,0,0,0,0,0,0,0,0,0,0,0,0
0309,1,0,0,0,0,1,0,0,1,0,0,0,0,0,0,0,0,1,1,0,0,0,0,0,0,0,0,0,0,0,0,0,0,1,0,0,0,0,3,0,0,0,0,7,0,0,6,0,0,0,0,0,0,0,0,2,3,0,0,0,0,0,0,0,0,0,0,0,0,0,0,1,0,0,0,0,18,0,0,0,0,39,0,0,36,0,0,0,0,0,0,0,0,12,16,0,0,0,0,0,0,0,0,0,0,0,0,0,0,6,0,0,0,0
0310,1,0,0,0,0,1,0,1,1,1,0,0,0,0,0,0,0,1,1,0,0,0,0,0,0,0,0,0,0,0,0,0,0,0,0,0,0,0,4,0,0,0,0,9,0,2,7,2,0,0,0,0,0,0,0,1,5,0,0,0,0,0,0,0,0,0,0,0,0,0,0,0,0,0,0,0,30,0,0,0,0,55,0,16,46,14,0,0,0,0,0,0,0,6,28,0,0,0,0,0,0,0,0,0,0,0,0,0,0,0,0,0,0,0
0311,1,0,0,0,0,1,0,1,1,1,0,0,0,0,1,0,0,1,1,0,0,0,0,0,0,0,0,0,0,0,0,0,0,0,0,0,0,0,1,0,0,0,0,6,0,10,4,1,0,0,0,0,11,0,0,2,5,0,0,0,0,0,0,0,0,0,0,0,0,0,0,0,0,0,0,0,4,0,0,0,0,34,0,69,25,8,0,0,0,0,62,0,0,12,27,0,0,0,0,0,0,0,0,0,0,0,0,0,0,0,0,0,0,0
0312,0,0,0,0,0,1,0,1,1,0,0,0,0,0,1,0,0,0,1,0,0,0,0,0,0,0,0,0,0,0,0,0,0,0,0,0,0,0,0,0,0,0,0,4,0,12,2,0,0,0,0,0,11,0,0,0,4,0,0,0,0,0,0,0,0,0,0,0,0,0,0,0,0,0,0,0,0,0,0,0,0,18,0,73,12,0,0,0,0,0,57,0,0,0,17,0,0,0,0,0,0,0,0,0,0,0,0,0,0,0,0,0,0,0
0313,0,0,0,0,0,0,0,1,0,1,0,0,0,0,1,0,0,1,1,0,0,0,0,0,0,0,0,0,0,0,0,0,0,0,0,0,0,0,0,0,0,0,0,0,0,19,0,1,0,0,0,0,12,0,0,1,1,0,0,0,0,0,0,0,0,0,0,0,0,0,0,0,0,0,0,0,0,0,0,0,0,0,0,106,0,3,0,0,0,0,59,0,0,6,4,0,0,0,0,0,0,0,0,0,0,0,0,0,0,0,0,0,0,0
0314,1,0,0,0,0,0,0,1,0,1,0,0,0,0,1,0,0,1,1,0,0,0,0,0,0,0,0,0,0,0,0,0,0,0,0,0,0,0,1,0,0,0,0,0,0,12,0,1,0,0,0,0,6,0,0,1,3,0,0,0,0,0,0,0,0,0,0,0,0,0,0,0,0,0,0,0,6,0,0,0,0,0,0,69,0,8,0,0,0,0,27,0,0,3,16,0,0,0,0,0,0,0,0,0,0,0,0,0,0,0,0,0,0,0
0315,0,0,0,0,0,0,0,1,0,1,0,0,0,0,1,0,0,1,1,0,0,0,0,0,0,0,0,0,0,0,0,0,0,0,0,0,0,0,0,0,0,0,0,0,0,18,0,1,0,0,0,0,11,0,0,1,1,0,0,0,0,0,0,0,0,0,0,0,0,0,0,0,0,0,0,0,0,0,0,0,0,0,0,103,0,3,0,0,0,0,65,0,0,8,6,0,0,0,0,0,0,0,0,0,0,0,0,0,0,0,0,0,0,0
0316,0,0,0,0,0,0,0,1,0,1,0,0,0,0,1,0,0,1,0,0,0,0,0,0,0,0,0,0,0,0,0,0,0,0,0,0,0,0,0,0,0,0,0,0,0,11,0,2,0,0,0,0,16,0,0,2,0,0,0,0,0,0,0,0,0,0,0,0,0,0,0,0,0,0,0,0,0,0,0,0,0,0,0,50,0,7,0,0,0,0,91,0,0,12,0,0,0,0,0,0,0,0,0,0,0,0,0,0,0,0,0,0,0,0
0317,1,0,0,0,0,0,0,1,0,0,0,0,0,0,1,0,0,1,0,0,0,0,0,0,0,0,0,0,0,0,0,0,0,0,0,0,0,0,1,0,0,0,0,0,0,13,0,0,0,0,0,0,12,0,0,2,0,0,0,0,0,0,0,0,0,0,0,0,0,0,0,0,0,0,0,0,6,0,0,0,0,0,0,62,0,0,0,0,0,0,68,0,0,9,0,0,0,0,0,0,0,0,0,0,0,0,0,0,0,0,0,0,0,0
0318,1,0,0,0,0,1,0,1,0,0,0,0,0,0,1,0,0,1,0,0,0,0,0,0,0,0,0,0,0,0,0,0,0,0,0,0,0,0,1,0,0,0,0,2,0,14,0,0,0,0,0,0,14,0,0,1,0,0,0,0,0,0,0,0,0,0,0,0,0,0,0,0,0,0,0,0,6,0,0,0,0,9,0,68,0,0,0,0,0,0,84,0,0,6,0,0,0,0,0,0,0,0,0,0,0,0,0,0,0,0,0,0,0,0
0319,1,0,0,0,0,1,0,1,1,0,0,0,0,0,1,0,0,1,1,0,0,0,0,0,0,0,0,0,0,0,0,0,0,0,0,0,0,0,1,0,0,0,0,8,0,7,1,0,0,0,0,0,19,0,0,2,3,0,0,0,0,0,0,0,0,0,0,0,0,0,0,0,0,0,0,0,8,0,0,0,0,39,0,40,6,0,0,0,0,0,103,0,0,12,16,0,0,0,0,0,0,0,0,0,0,0,0,0,0,0,0,0,0,0
0320,0,0,0,1,0,1,1,1,0,0,0,0,0,0,1,0,0,1,1,0,0,0,0,0,0,0,0,0,0,0,0,0,0,0,0,0,0,0,0,0,0,1,0,5,1,1,0,0,0,0,0,0,17,0,0,1,5,0,0,0,0,0,0,0,0,0,0,0,0,0,0,0,0,0,0,0,0,0,0,6,0,26,6,6,0,0,0,0,0,0,102,0,0,6,23,0,0,0,0,0,0,0,0,0,0,0,0,0,0,0,0,0,0,0
0321,1,0,0,0,0,0,1,1,0,0,0,0,0,0,1,1,0,1,1,0,0,0,0,0,0,0,0,0,0,0,0,0,0,0,0,0,0,0,1,0,0,0,0,0,2,1,0,0,0,0,0,0,3,2,0,2,3,0,0,0,0,0,0,0,0,0,0,0,0,0,0,0,0,0,0,0,3,0,0,0,0,0,9,8,0,0,0,0,0,0,18,6,0,9,15,0,0,0,0,0,0,0,0,0,0,0,0,0,0,0,0,0,0,0
0322,1,0,0,0,0,1,1,1,0,0,0,0,0,0,1,0,0,1,1,0,0,0,0,0,0,0,0,0,0,0,0,0,0,0,0,0,0,0,1,0,0,0,0,9,4,3,0,0,0,0,0,0,5,0,0,2,3,0,0,0,0,0,0,0,0,0,0,0,0,0,0,0,0,0,0,0,6,0,0,0,0,42,25,20,0,0,0,0,0,0,30,0,0,10,15,0,0,0,0,0,0,0,0,0,0,0,0,0,0,0,0,0,0,0
0323,0,0,0,0,0,1,1,1,1,0,0,0,0,0,1,0,0,1,1,0,0,0,0,0,0,0,0,0,0,0,0,0,0,0,0,0,0,0,0,0,0,0,0,5,3,3,1,0,0,0,0,0,10,0,0,1,4,0,0,0,0,0,0,0,0,0,0,0,0,0,0,0,0,0,0,0,0,0,0,0,0,34,18,20,6,0,0,0,0,0,52,0,0,4,22,0,0,0,0,0,0,0,0,0,0,0,0,0,0,0,0,0,0,0
0324,0,0,0,0,0,1,1,1,0,0,0,0,0,0,1,0,0,1,1,0,0,0,0,0,0,0,0,0,0,0,0,0,0,0,0,0,1,0,0,0,0,0,0,2,2,2,0,0,0,0,0,0,14,0,0,2,8,0,0,0,0,0,0,0,0,0,0,0,0,0,0,0,0,0,1,0,0,0,0,0,0,18,12,12,0,0,0,0,0,0,85,0,0,12,41,0,0,0,0,0,0,0,0,0,0,0,0,0,0,0,0,0,3,0
0325,0,0,0,0,0,1,1,1,0,0,0,0,0,0,1,0,0,1,1,0,0,0,0,0,0,0,0,0,0,0,0,0,0,0,0,0,0,0,0,0,0,0,0,5,3,3,0,0,0,0,0,0,19,0,0,3,10,0,0,0,0,0,0,0,0,0,0,0,0,0,0,0,0,0,0,0,0,0,0,0,0,27,24,20,0,0,0,0,0,0,105,0,0,21,57,0,0,0,0,0,0,0,0,0,0,0,0,0,0,0,0,0,0,0
0326,0,0,0,0,0,1,1,1,0,0,0,0,0,0,1,0,0,1,1,0,0,0,0,0,0,0,0,0,0,0,0,0,0,0,0,0,0,0,0,0,0,0,0,2,4,3,0,0,0,0,0,0,11,0,0,2,3,0,0,0,0,0,0,0,0,0,0,0,0,0,0,0,0,0,0,0,0,0,0,0,0,10,19,13,0,0,0,0,0,0,60,0,0,12,18,0,0,0,0,0,0,0,0,0,0,0,0,0,0,0,0,0,0,0
0327,0,0,0,0,0,0,1,0,0,0,0,0,0,0,1,0,0,0,1,0,0,0,0,0,0,0,0,0,0,0,0,0,0,0,0,0,0,0,0,0,0,0,0,0,3,0,0,0,0,0,0,0,1,0,0,0,2,0,0,0,0,0,0,0,0,0,0,0,0,0,0,0,0,0,0,0,0,0,0,0,0,0,18,0,0,0,0,0,0,0,2,0,0,0,14,0,0,0,0,0,0,0,0,0,0,0,0,0,0,0,0,0,0,0
0328,0,0,0,0,0,0,1,0,0,0,0,0,0,0,0,0,0,0,0,0,0,0,0,0,0,0,0,0,0,0,0,0,0,0,0,0,0,0,0,0,0,0,0,0,3,0,0,0,0,0,0,0,0,0,0,0,0,0,0,0,0,0,0,0,0,0,0,0,0,0,0,0,0,0,0,0,0,0,0,0,0,0,15,0,0,0,0,0,0,0,0,0,0,0,0,0,0,0,0,0,0,0,0,0,0,0,0,0,0,0,0,0,0,0
0329,0,0,0,0,0,0,1,0,0,0,0,0,0,0,0,0,0,0,0,0,0,0,0,0,0,0,0,0,0,0,0,0,0,0,0,0,0,0,0,0,0,0,0,0,4,0,0,0,0,0,0,0,0,0,0,0,0,0,0,0,0,0,0,0,0,0,0,0,0,0,0,0,0,0,0,0,0,0,0,0,0,0,16,0,0,0,0,0,0,0,0,0,0,0,0,0,0,0,0,0,0,0,0,0,0,0,0,0,0,0,0,0,0,0
0330,1,0,0,0,0,0,1,1,0,0,0,0,0,0,1,0,0,1,0,0,0,0,0,0,0,0,0,0,0,0,0,0,0,0,0,0,0,0,2,0,0,0,0,0,2,2,0,0,0,0,0,0,7,0,0,1,0,0,0,0,0,0,0,0,0,0,0,0,0,0,0,0,0,0,0,0,12,0,0,0,0,0,6,7,0,0,0,0,0,0,46,0,0,6,0,0,0,0,0,0,0,0,0,0,0,0,0,0,0,0,0,0,0,0
0331,0,0,0,0,0,0,1,1,1,0,1,0,0,0,1,0,0,1,0,0,0,1,0,0,0,0,0,0,0,0,0,0,0,0,0,0,0,0,0,0,0,0,0,0,4,1,1,0,2,0,0,0,13,0,0,3,0,0,0,1,0,0,0,0,0,0,0,0,0,0,0,0,0,0,0,0,0,0,0,0,0,0,28,3,6,0,6,0,0,0,77,0,0,18,0,0,0,6,0,0,0,0,0,0,0,0,0,0,0,0,0,0,0,0
0401,0,0,0,0,0,1,0,1,0,0,1,1,0,0,1,0,0,1,1,0,0,0,0,0,0,0,0,0,0,0,0,0,0,0,0,0,0,0,0,0,0,0,0,2,0,1,0,0,4,4,0,0,23,0,0,2,2,0,0,0,0,0,0,0,0,0,0,0,0,0,0,0,0,0,0,0,0,0,0,0,0,12,0,6,0,0,26,26,0,0,136,0,0,8,14,0,0,0,0,0,0,0,0,0,0,0,0,0,0,0,0,0,0,0
0402,0,0,0,1,0,0,0,1,0,0,0,1,0,0,1,0,0,1,1,0,0,0,0,0,0,0,0,0,0,0,0,0,0,0,0,0,0,0,0,0,0,4,0,0,0,2,0,0,0,1,0,0,18,0,0,2,3,0,0,0,0,0,0,0,0,0,0,0,0,0,0,0,0,0,0,0,0,0,0,28,0,0,0,10,0,0,0,8,0,0,112,0,0,12,18,0,0,0,0,0,0,0,0,0,0,0,0,0,0,0,0,0,0,0
0403,0,0,0,0,0,1,0,0,0,0,0,1,0,0,1,0,0,1,1,0,0,0,0,0,0,0,0,0,0,0,0,0,0,0,0,0,0,0,0,0,0,0,0,4,0,0,0,0,0,1,0,0,20,0,0,3,2,0,0,0,0,0,0,0,0,0,0,0,0,0,0,0,0,0,0,0,0,0,0,0,0,28,0,0,0,0,0,6,0,0,131,0,0,16,12,0,0,0,0,0,0,0,0,0,0,0,0,0,0,0,0,0,0,0
0404,0,0,0,0,0,1,0,1,0,0,0,1,0,0,1,0,0,0,1,0,0,0,0,0,0,0,0,0,0,0,0,0,0,0,0,0,0,0,0,0,0,0,0,1,0,2,0,0,0,4,0,0,12,0,0,0,4,0,0,0,0,0,0,0,0,0,0,0,0,0,0,0,0,0,0,0,0,0,0,0,0,6,0,12,0,0,0,24,0,0,69,0,0,0,24,0,0,0,0,0,0,0,0,0,0,0,0,0,0,0,0,0,0,0
0405,0,0,0,0,0,0,0,1,0,1,0,1,0,0,1,0,0,1,1,0,0,0,0,0,0,0,0,0,0,0,0,0,0,0,0,0,0,0,0,0,0,0,0,0,0,2,0,1,0,1,0,0,9,0,0,1,4,0,0,0,0,0,0,0,0,0,0,0,0,0,0,0,0,0,0,0,0,0,0,0,0,0,0,9,0,8,0,6,0,0,56,0,0,6,26,0,0,0,0,0,0,0,0,0,0,0,0,0,0,0,0,0,0,0
0406,0,0,0,0,0,1,0,1,1,0,0,1,0,0,1,0,0,1,1,0,0,0,0,0,0,0,0,0,0,0,0,0,0,0,0,0,0,0,0,0,0,0,0,2,0,3,1,0,0,3,0,0,10,0,0,2,5,0,0,0,0,0,0,0,0,0,0,0,0,0,0,0,0,0,0,0,0,0,0,0,0,14,0,16,6,0,0,18,0,0,64,0,0,10,32,0,0,0,0,0,0,0,0,0,0,0,0,0,0,0,0,0,0,0
0407,0,0,0,0,0,1,0,1,0,0,0,1,0,0,1,0,0,1,1,0,0,0,0,0,0,0,0,0,0,0,0,0,0,0,0,0,0,0,0,0,0,0,0,2,0,3,0,0,0,2,0,0,15,0,0,4,5,0,0,0,0,0,0,0,0,0,0,0,0,0,0,0,0,0,0,0,0,0,0,0,0,10,0,14,0,0,0,7,0,0,94,0,0,26,27,0,0,0,0,0,0,0,0,0,0,0,0,0,0,0,0,0,0,0
0408,0,0,0,0,0,1,0,1,0,1,0,1,0,0,1,0,0,1,1,0,0,0,0,0,0,0,0,0,0,0,0,0,1,0,0,0,0,0,0,0,0,0,0,1,0,4,0,1,0,1,0,0,23,0,0,2,2,0,0,0,0,0,0,0,0,0,0,0,0,0,2,0,0,0,0,0,0,0,0,0,0,6,0,21,0,8,0,6,0,0,135,0,0,16,14,0,0,0,0,0,0,0,0,0,0,0,0,0,12,0,0,0,0,0
0409,0,0,0,1,0,0,0,1,0,1,1,1,0,0,1,0,0,1,1,1,0,0,0,0,0,0,0,0,0,0,0,0,0,0,0,0,0,0,0,0,0,6,0,0,0,10,0,3,4,4,0,0,35,0,0,9,4,1,0,0,0,0,0,0,0,0,0,0,0,0,0,0,0,0,0,0,0,0,0,26,0,0,0,56,0,22,18,25,0,0,234,0,0,70,24,6,0,0,0,0,0,0,0,0,0,0,0,0,0,0,0,0,0,0
0410,0,0,1,1,0,0,0,1,0,1,1,1,0,0,1,0,0,1,1,1,0,0,0,0,0,0,0,0,0,0,0,0,0,0,0,0,0,0,0,0,1,8,0,0,0,5,0,2,1,2,0,0,28,0,0,4,5,2,0,0,0,0,0,0,0,0,0,0,0,0,0,0,0,0,0,0,0,0,6,50,0,0,0,27,0,16,6,12,0,0,172,0,0,24,30,12,0,0,0,0,0,0,0,0,0,0,0,0,0,0,0,0,0,0
0411,0,0,0,0,0,0,0,1,0,0,0,0,0,0,1,0,0,1,1,0,0,0,0,0,0,0,0,0,0,0,0,0,0,0,0,0,0,0,0,0,0,0,0,0,0,3,0,0,0,0,0,0,13,0,0,2,2,0,0,0,0,0,0,0,0,0,0,0,0,0,0,0,0,0,0,0,0,0,0,0,0,0,0,18,0,0,0,0,0,0,89,0,0,12,12,0,0,0,0,0,0,0,0,0,0,0,0,0,0,0,0,0,0,0
0412,0,0,0,0,0,0,0,1,0,1,0,1,0,0,1,0,0,1,1,0,0,0,0,0,0,0,0,0,0,0,0,0,0,0,0,0,0,0,0,0,0,0,0,0,0,5,0,3,0,3,0,0,16,0,0,1,1,0,0,0,0,0,0,0,0,0,0,0,0,0,0,0,0,0,0,0,0,0,0,0,0,0,0,30,0,18,0,18,0,0,104,0,0,8,6,0,0,0,0,0,0,0,0,0,0,0,0,0,0,0,0,0,0,0
0413,1,0,0,1,0,1,1,1,1,1,1,1,0,1,1,1,0,1,1,1,1,0,1,0,1,0,0,0,0,0,0,0,0,0,0,0,0,0,23,0,0,13,0,5,2,21,5,5,21,8,0,1,39,15,0,7,9,1,11,0,6,0,2,0,0,0,0,0,0,0,0,0,0,0,0,0,106,0,0,68,0,12,0,123,35,30,100,50,0,6,251,79,0,52,26,6,52,0,44,0,6,0,0,0,0,0,0,0,0,0,0,0,0,0
0414,1,0,0,1,0,1,1,1,1,1,1,1,0,0,1,1,0,1,1,0,1,0,1,0,1,0,0,0,0,0,0,0,0,0,0,0,0,0,15,0,0,4,0,2,1,20,3,3,33,4,0,0,31,11,0,4,10,0,11,0,1,0,8,0,0,0,0,0,0,0,0,0,0,0,0,0,72,0,0,20,0,16,0,125,20,15,184,32,0,0,223,50,0,24,32,0,58,0,6,0,41,0,0,0,0,0,0,0,0,0,0,0,0,0
0415,1,0,0,1,0,0,1,1,0,1,1,0,0,0,1,1,0,0,1,0,0,0,1,0,1,0,0,0,0,0,0,0,0,0,0,0,0,0,1,0,0,4,0,0,1,7,0,1,12,0,0,0,21,7,0,0,3,0,0,0,6,0,8,0,0,0,0,0,0,0,0,0,0,0,0,0,6,0,0,32,0,0,6,41,0,6,69,0,0,0,152,30,0,0,18,0,0,0,36,0,40,0,0,0,0,0,0,0,0,0,0,0,0,0
0416,1,0,0,1,0,0,1,1,0,0,1,1,0,0,1,1,0,1,1,0,0,0,0,0,1,0,0,0,0,0,0,0,0,0,0,0,0,0,5,0,0,2,0,0,2,6,0,0,7,1,0,0,13,2,0,2,3,0,0,0,0,0,9,0,0,0,0,0,0,0,0,0,0,0,0,0,38,0,0,7,0,0,14,38,0,0,42,6,0,0,78,16,0,14,22,0,0,0,0,0,56,0,0,0,0,0,0,0,0,0,0,0,0,0
0417,1,0,0,1,0,0,1,1,1,0,1,1,0,0,1,0,0,0,1,0,0,0,0,0,1,0,0,0,0,0,0,0,0,0,0,0,0,0,6,0,0,2,0,0,2,4,1,0,6,2,0,0,15,0,0,0,3,0,0,0,0,0,2,0,0,0,0,0,0,0,0,0,0,0,0,0,36,0,0,10,0,0,10,26,6,0,38,10,0,0,110,0,0,0,18,0,0,0,0,0,9,0,0,0,0,0,0,0,0,0,0,0,0,0
0418,1,0,0,0,0,1,1,1,0,0,0,1,0,0,1,0,0,1,1,0,0,0,0,0,0,0,0,0,0,0,0,0,0,0,0,0,0,0,2,0,0,0,0,6,3,2,0,0,0,2,0,0,8,0,0,2,1,0,0,0,0,0,0,0,0,0,0,0,0,0,0,0,0,0,0,0,12,0,0,0,0,29,16,16,0,0,0,14,0,0,55,0,0,18,4,0,0,0,0,0,0,0,0,0,0,0,0,0,0,0,0,0,0,0
0419,1,0,0,0,0,1,1,0,0,0,0,1,0,0,1,0,0,1,1,0,0,0,0,1,0,0,0,0,0,0,0,0,0,0,0,0,0,0,3,0,0,0,0,1,2,0,0,0,0,4,0,0,9,0,0,3,2,0,0,0,0,1,0,0,0,0,0,0,0,0,0,0,0,0,0,0,20,0,0,0,0,3,12,0,0,0,0,28,0,0,43,0,0,20,8,0,0,0,0,6,0,0,0,0,0,0,0,0,0,0,0,0,0,0
0420,1,0,0,0,0,1,1,1,0,0,0,1,0,0,1,0,0,1,1,0,0,0,0,1,0,0,0,0,0,0,0,0,0,0,0,0,0,0,1,0,0,0,0,1,1,1,0,0,0,1,0,0,15,0,0,1,2,0,0,0,0,6,0,0,0,0,0,0,0,0,0,0,0,0,0,0,6,0,0,0,0,6,6,4,0,0,0,6,0,0,90,0,0,6,18,0,0,0,0,29,0,0,0,0,0,0,0,0,0,0,0,0,0,0
0421,0,0,0,0,0,1,1,1,0,0,0,0,0,0,1,0,0,1,1,0,0,0,0,1,0,0,0,0,0,0,0,0,0,0,0,0,0,0,0,0,0,0,0,1,1,1,0,0,0,0,0,0,23,0,0,2,2,0,0,0,0,4,0,0,0,0,0,0,0,0,0,0,0,0,0,0,0,0,0,0,0,6,8,6,0,0,0,0,0,0,146,0,0,8,14,0,0,0,0,18,0,0,0,0,0,0,0,0,0,0,0,0,0,0
0422,0,0,0,0,0,1,0,0,0,0,0,0,0,0,1,0,0,1,1,0,0,0,0,1,0,0,0,0,0,0,0,0,0,0,0,0,0,0,0,0,0,0,0,3,0,0,0,0,0,0,0,0,16,0,0,1,2,0,0,0,0,1,0,0,0,0,0,0,0,0,0,0,0,0,0,0,0,0,0,0,0,26,0,0,0,0,0,0,0,0,103,0,0,6,20,0,0,0,0,6,0,0,0,0,0,0,0,0,0,0,0,0,0,0
0423,0,0,0,0,0,0,0,0,0,0,0,1,0,0,1,0,0,1,1,0,0,0,0,1,0,0,0,0,0,0,0,0,0,0,0,0,0,0,0,0,0,0,0,0,0,0,0,0,0,2,0,0,18,0,0,2,1,0,0,0,0,1,0,0,0,0,0,0,0,0,0,0,0,0,0,0,0,0,0,0,0,0,0,0,0,0,0,12,0,0,111,0,0,10,10,0,0,0,0,6,0,0,0,0,0,0,0,0,0,0,0,0,0,0
0424,0,0,0,0,0,1,0,1,0,1,0,0,0,0,1,0,0,1,0,0,0,0,1,0,0,0,0,0,0,0,0,0,0,0,0,0,0,0,0,0,0,0,0,4,0,1,0,3,0,0,0,0,23,0,0,3,0,0,0,0,2,0,0,0,0,0,0,0,0,0,0,0,0,0,0,0,0,0,0,0,0,23,0,6,0,18,0,0,0,0,120,0,0,15,0,0,0,0,12,0,0,0,0,0,0,0,0,0,0,0,0,0,0,0
0425,0,0,0,0,0,1,0,1,0,1,0,1,0,0,1,0,0,1,1,0,0,0,1,0,0,0,0,0,0,0,0,0,0,0,0,0,0,0,0,0,0,0,0,5,0,1,0,1,0,2,0,0,15,0,0,1,1,0,0,0,2,0,0,0,0,0,0,0,0,0,0,0,0,0,0,0,0,0,0,0,0,30,0,5,0,4,0,14,0,0,82,0,0,6,6,0,0,0,16,0,0,0,0,0,0,0,0,0,0,0,0,0,0,0
0426,0,0,0,0,0,0,1,1,0,1,0,1,0,0,1,1,0,1,1,0,0,0,0,0,0,0,0,0,0,0,0,0,0,0,0,0,0,0,0,0,0,0,0,0,4,4,0,2,0,2,0,0,9,1,0,3,2,0,0,0,0,0,0,0,0,0,0,0,0,0,0,0,0,0,0,0,0,0,0,0,0,0,18,29,0,12,0,12,0,0,54,7,0,16,8,0,0,0,0,0,0,0,0,0,0,0,0,0,0,0,0,0,0,0
0427,0,0,0,0,0,0,1,1,0,0,0,1,0,0,1,1,0,1,1,0,0,0,0,0,0,0,0,0,0,0,0,0,0,0,0,0,0,0,0,0,0,0,0,0,3,7,0,0,0,3,0,0,19,7,0,1,2,0,0,0,0,0,0,0,0,0,0,0,0,0,0,0,0,0,0,0,0,0,0,0,0,0,18,35,0,0,0,17,0,0,121,41,0,6,9,0,0,0,0,0,0,0,0,0,0,0,0,0,0,0,0,0,0,0
0428,0,0,0,0,0,0,0,1,0,0,0,0,0,0,1,1,0,1,1,0,0,0,0,0,0,0,0,0,0,0,0,0,0,0,0,0,0,0,0,0,0,0,0,0,0,4,0,0,0,0,0,0,26,1,0,3,1,0,0,0,0,0,0,0,0,0,0,0,0,0,0,0,0,0,0,0,0,0,0,0,0,0,0,36,0,0,0,0,0,0,172,8,0,19,3,0,0,0,0,0,0,0,0,0,0,0,0,0,0,0,0,0,0,0
0429,1,0,0,0,0,0,1,0,0,0,0,1,0,0,1,1,0,1,0,0,0,1,0,0,0,0,0,0,0,0,0,0,0,0,0,0,0,0,1,0,0,0,0,0,1,0,0,0,0,1,0,0,31,2,0,5,0,0,0,1,0,0,0,0,0,0,0,0,0,0,0,0,0,0,0,0,10,0,0,0,0,0,6,0,0,0,0,6,0,0,187,12,0,46,0,0,0,6,0,0,0,0,0,0,0,0,0,0,0,0,0,0,0,0
0430,1,0,0,1,0,1,1,1,0,1,1,1,0,0,1,1,1,1,1,1,0,1,0,1,0,0,0,0,0,0,0,0,0,0,0,0,0,0,1,0,0,3,0,4,2,1,0,10,1,2,0,0,55,4,5,3,3,8,0,6,0,1,0,0,0,0,0,0,0,0,0,0,0,0,0,0,6,0,0,18,0,15,12,6,0,48,6,12,0,0,353,12,30,26,18,48,0,30,0,0,0,0,0,0,0,0,0,0,0,0,0,0,0,0
0501,1,0,0,1,0,1,0,1,1,1,0,1,0,0,1,1,1,1,0,1,0,1,0,1,0,0,0,0,0,0,0,0,0,0,0,0,0,0,3,0,0,5,0,4,0,1,1,20,0,2,0,0,10,7,6,1,0,4,0,5,0,8,0,0,0,0,0,0,0,0,0,0,0,0,0,0,18,0,0,24,0,6,0,6,6,102,0,12,0,0,48,33,30,6,0,22,0,30,0,48,0,0,0,0,0,0,0,0,0,0,0,0,0,0
0502,0,0,0,1,0,1,1,1,0,1,0,0,0,0,1,0,1,0,0,1,0,1,0,1,0,0,0,0,0,0,0,0,0,0,0,0,0,0,0,0,0,8,0,2,3,2,0,8,0,0,0,0,7,0,4,0,0,4,0,2,0,3,0,0,0,0,0,0,0,0,0,0,0,0,0,0,0,0,0,24,0,12,18,12,0,37,0,0,0,0,37,0,24,0,0,24,0,12,0,15,0,0,0,0,0,0,0,0,0,0,0,0,0,0
0503,0,0,0,1,0,1,1,1,0,0,0,1,0,0,1,0,1,1,0,1,0,1,0,1,0,0,0,0,0,0,0,0,0,0,0,0,0,0,0,0,0,4,0,7,4,4,0,0,0,1,0,0,11,0,6,1,0,2,0,4,0,3,0,0,0,0,0,0,0,0,0,0,0,0,0,0,0,0,0,6,0,44,23,25,0,0,0,6,0,0,60,0,33,6,0,12,0,12,0,18,0,0,0,0,0,0,0,0,0,0,0,0,0,0
0504,1,0,0,1,0,1,1,1,0,0,0,0,0,0,1,0,1,1,0,1,0,1,0,1,0,0,0,0,0,0,0,0,0,0,0,0,0,0,1,0,0,4,0,2,2,3,0,0,0,0,0,0,15,0,3,2,0,2,0,11,0,3,0,0,0,0,0,0,0,0,0,0,0,0,0,0,6,0,0,20,0,12,12,18,0,0,0,0,0,0,84,0,18,12,0,12,0,66,0,22,0,0,0,0,0,0,0,0,0,0,0,0,0,0
0505,0,0,0,1,0,1,1,0,0,0,0,1,0,0,1,0,0,1,0,1,0,1,0,0,0,0,0,0,0,0,0,0,0,0,0,0,0,0,0,0,0,9,0,1,3,0,0,0,0,2,0,0,17,0,0,1,0,5,0,2,0,0,0,0,0,0,0,0,0,0,0,0,0,0,0,0,0,0,0,48,0,6,18,0,0,0,0,12,0,0,98,0,0,6,0,33,0,14,0,0,0,0,0,0,0,0,0,0,0,0,0,0,0,0
0506,1,0,0,1,0,1,1,1,0,0,0,1,0,0,1,0,0,1,1,1,0,0,0,0,0,0,0,0,0,0,0,0,0,0,0,0,0,0,1,0,0,5,0,3,2,1,0,0,0,1,0,0,19,0,0,1,1,12,0,0,0,0,0,0,0,0,0,0,0,0,0,0,0,0,0,0,4,0,0,30,0,18,12,10,0,0,0,6,0,0,109,0,0,6,4,90,0,0,0,0,0,0,0,0,0,0,0,0,0,0,0,0,0,0
0507,1,0,0,1,0,1,0,0,0,0,0,0,0,0,1,0,0,1,1,1,0,0,0,0,0,0,0,0,0,0,0,0,0,0,0,0,0,0,1,0,0,4,0,4,0,0,0,0,0,0,0,0,27,0,0,1,1,14,0,0,0,0,0,0,0,0,0,0,0,0,0,0,0,0,0,0,8,0,0,20,0,28,0,0,0,0,0,0,0,0,182,0,0,10,6,90,0,0,0,0,0,0,0,0,0,0,0,0,0,0,0,0,0,0
0508,0,0,0,1,0,1,1,1,0,0,0,1,0,0,1,0,0,1,0,1,0,0,0,0,0,0,0,0,0,0,0,0,0,0,0,0,0,0,0,0,0,3,0,2,1,4,0,0,0,3,0,0,19,0,0,3,0,7,0,0,0,0,0,0,0,0,0,0,0,0,0,0,0,0,0,0,0,0,0,16,0,16,6,21,0,0,0,15,0,0,113,0,0,18,0,47,0,0,0,0,0,0,0,0,0,0,0,0,0,0,0,0,0,0
0509,0,0,0,1,0,1,0,1,0,0,0,1,0,0,1,0,0,1,0,1,0,0,0,0,0,0,0,0,0,0,0,0,0,0,0,0,0,0,0,0,0,8,0,2,0,2,0,0,0,3,0,0,24,0,0,2,0,4,0,0,0,0,0,0,0,0,0,0,0,0,0,0,0,0,0,0,0,0,0,42,0,10,0,12,0,0,0,18,0,0,144,0,0,12,0,22,0,0,0,0,0,0,0,0,0,0,0,0,0,0,0,0,0,0
0510,0,0,0,1,0,1,0,1,0,1,0,1,0,0,1,0,0,1,0,1,0,0,0,0,0,0,0,0,0,0,0,0,0,0,0,0,0,0,0,0,0,10,0,1,0,2,0,3,0,2,0,0,19,0,0,1,0,4,0,0,0,0,0,0,0,0,0,0,0,0,0,0,0,0,0,0,0,0,0,69,0,6,0,13,0,18,0,13,0,0,124,0,0,6,0,23,0,0,0,0,0,0,0,0,0,0,0,0,0,0,0,0,0,0
0511,0,0,0,1,0,1,0,1,0,1,0,0,0,0,1,0,0,1,0,1,0,1,0,0,0,0,0,0,0,0,0,0,0,0,0,0,0,0,0,0,0,12,0,6,0,6,0,1,0,0,0,0,27,0,0,6,0,9,0,1,0,0,0,0,0,0,0,0,0,0,0,0,0,0,0,0,0,0,0,74,0,44,0,40,0,6,0,0,0,0,162,0,0,40,0,58,0,6,0,0,0,0,0,0,0,0,0,0,0,0,0,0,0,0
0512,1,0,0,1,0,1,0,1,1,1,0,1,0,0,1,0,0,1,0,1,0,0,0,0,0,0,0,0,0,0,0,0,0,0,0,0,0,0,1,0,0,9,0,4,0,1,1,6,0,2,0,0,35,0,0,1,0,2,0,0,0,0,0,0,0,0,0,0,0,0,0,0,0,0,0,0,4,0,0,52,0,24,0,8,6,42,0,12,0,0,209,0,0,6,0,10,0,0,0,0,0,0,0,0,0,0,0,0,0,0,0,0,0,0
0513,0,0,0,1,0,1,0,1,1,1,0,1,0,0,1,0,0,1,1,1,0,0,0,0,0,0,0,0,0,0,0,0,0,0,0,0,0,0,0,0,0,12,0,2,0,5,1,3,0,3,0,0,23,0,0,2,2,2,0,0,0,0,0,0,0,0,0,0,0,0,0,0,0,0,0,0,0,0,0,62,0,10,0,30,4,22,0,18,0,0,146,0,0,9,12,16,0,0,0,0,0,0,0,0,0,0,0,0,0,0,0,0,0,0
0514,1,0,0,1,0,1,0,1,1,1,0,1,0,0,1,0,0,1,1,1,0,0,0,0,0,0,0,0,0,0,0,0,0,0,0,0,0,0,1,0,0,7,0,1,0,5,1,9,0,3,0,0,24,0,0,2,4,3,0,0,0,0,0,0,0,0,0,0,0,0,0,0,0,0,0,0,6,0,0,31,0,6,0,34,6,57,0,18,0,0,141,0,0,9,22,18,0,0,0,0,0,0,0,0,0,0,0,0,0,0,0,0,0,0
0515,1,0,0,1,0,1,0,1,1,1,0,1,0,0,1,0,0,0,1,1,0,0,0,0,1,0,0,1,0,0,0,0,0,0,0,0,0,0,2,0,0,9,0,2,0,2,2,3,0,4,0,0,21,0,0,0,5,1,0,0,0,0,1,0,0,1,0,0,0,0,0,0,0,0,0,0,12,0,0,48,0,12,0,12,12,18,0,28,0,0,120,0,0,0,30,4,0,0,0,0,6,0,0,6,0,0,0,0,0,0,0,0,0,0
0516,0,0,0,1,0,1,1,1,0,1,0,1,0,0,1,0,0,1,1,0,0,0,0,0,1,0,0,0,0,0,0,0,0,0,0,0,0,0,0,0,0,5,0,2,2,3,0,3,0,3,0,0,18,0,0,2,1,0,0,0,0,0,2,0,0,0,0,0,0,0,0,0,0,0,0,0,0,0,0,34,0,12,12,16,0,18,0,18,0,0,109,0,0,12,6,0,0,0,0,0,12,0,0,0,0,0,0,0,0,0,0,0,0,0
0517,1,0,0,1,0,1,1,0,1,1,0,1,0,0,1,1,0,1,1,0,0,0,0,0,1,0,0,0,0,0,0,0,0,0,0,0,0,0,1,0,0,8,0,1,1,0,1,2,0,1,0,0,15,7,0,1,3,0,0,0,0,0,3,0,0,0,0,0,0,0,0,0,0,0,0,0,10,0,0,52,0,6,7,0,6,12,0,13,0,0,95,46,0,6,18,0,0,0,0,0,19,0,0,0,0,0,0,0,0,0,0,0,0,0
0518,1,0,0,1,0,1,1,1,1,1,0,1,0,0,1,1,0,1,1,0,0,0,0,0,1,0,0,0,0,0,0,0,0,0,0,0,0,0,1,0,0,6,0,3,2,1,2,4,0,3,0,0,16,10,0,1,4,0,0,0,0,0,1,0,0,0,0,0,0,0,0,0,0,0,0,0,6,0,0,36,0,18,12,6,16,28,0,18,0,0,100,64,0,6,28,0,0,0,0,0,6,0,0,0,0,0,0,0,0,0,0,0,0,0
0519,0,0,1,1,0,1,1,1,0,1,0,1,0,0,1,1,0,1,1,1,0,1,0,0,1,0,0,0,0,0,0,0,0,0,0,0,0,0,0,0,1,26,0,5,3,5,0,1,0,2,0,0,28,9,0,4,1,2,0,1,0,0,3,0,0,0,0,0,0,0,0,0,0,0,0,0,0,0,7,144,0,35,22,42,0,13,0,12,0,0,173,63,0,26,6,10,0,6,0,0,18,0,0,0,0,0,0,0,0,0,0,0,0,0
0520,0,0,0,1,0,1,1,1,0,0,1,1,0,0,1,1,0,1,1,1,0,0,0,0,1,0,0,0,0,0,0,0,0,0,0,0,0,0,0,0,0,11,0,4,4,2,0,0,2,3,0,0,46,6,0,4,3,10,0,0,0,0,3,0,0,0,0,0,0,0,0,0,0,0,0,0,0,0,0,56,0,25,24,12,0,0,19,23,0,0,296,35,0,24,18,50,0,0,0,0,12,0,0,0,0,0,0,0,0,0,0,0,0,0
0521,1,0,0,1,0,1,0,1,0,1,1,1,0,0,1,1,0,1,1,1,0,0,0,0,1,0,0,1,0,0,0,0,0,0,0,0,0,0,1,0,0,28,0,4,0,3,0,1,33,5,0,0,41,2,0,2,1,33,0,0,0,0,13,0,0,2,0,0,0,0,0,0,0,0,0,0,6,0,0,128,0,24,0,22,0,6,127,38,0,0,272,9,0,12,6,168,0,0,0,0,70,0,0,9,0,0,0,0,0,0,0,0,0,0
0522,1,0,0,1,0,1,0,1,0,0,1,1,0,0,1,1,0,1,1,1,0,0,0,0,1,0,0,0,0,0,0,0,0,0,0,0,0,0,8,0,0,8,0,4,0,6,0,0,30,1,0,0,34,1,0,7,1,23,0,0,0,0,21,0,0,0,0,0,0,0,0,0,0,0,0,0,24,0,0,52,0,22,0,35,0,0,145,6,0,0,214,4,0,40,6,118,0,0,0,0,105,0,0,0,0,0,0,0,0,0,0,0,0,0
0523,1,0,0,1,0,0,0,1,1,0,1,1,1,0,1,0,0,1,1,1,0,0,0,0,1,0,0,0,0,0,0,0,0,0,0,0,0,0,12,0,0,3,0,0,0,1,1,0,24,1,2,0,22,0,0,4,2,17,0,0,0,0,10,0,0,0,0,0,0,0,0,0,0,0,0,0,62,0,0,9,0,0,0,6,13,0,112,6,12,0,140,0,0,28,12,71,0,0,0,0,44,0,0,0,0,0,0,0,0,0,0,0,0,0
0524,1,0,1,1,0,1,0,1,1,0,1,1,1,0,1,0,0,1,0,1,0,0,0,0,1,0,0,0,0,0,0,0,0,0,0,0,0,0,9,0,1,4,0,1,0,1,3,0,31,1,1,0,13,0,0,3,0,6,0,0,0,0,20,0,0,0,0,0,0,0,0,0,0,0,0,0,54,0,6,20,0,6,0,10,25,0,154,7,6,0,85,0,0,15,0,30,0,0,0,0,108,0,0,0,0,0,0,0,0,0,0,0,0,0
0525,1,0,0,0,0,1,0,1,1,0,1,1,0,0,1,0,0,1,0,1,0,0,0,0,1,0,0,0,0,0,0,0,0,0,0,0,0,0,12,0,0,0,0,2,0,1,1,0,22,1,0,0,19,0,0,3,0,6,0,0,0,0,23,0,0,0,0,0,0,0,0,0,0,0,0,0,81,0,0,0,0,12,0,6,4,0,115,6,0,0,114,0,0,18,0,30,0,0,0,0,129,0,0,0,0,0,0,0,0,0,0,0,0,0
0526,1,0,0,0,0,1,0,1,1,0,1,1,0,0,1,0,0,1,1,1,0,1,0,0,1,0,0,0,0,0,0,0,0,0,0,0,0,0,8,0,0,0,0,7,0,6,1,0,21,1,0,0,16,0,0,3,1,7,0,1,0,0,21,0,0,0,0,0,0,0,0,0,0,0,0,0,49,0,0,0,0,44,0,33,13,0,112,6,0,0,96,0,0,22,6,52,0,7,0,0,118,0,0,0,0,0,0,0,0,0,0,0,0,0
0527,1,0,0,0,0,1,0,1,0,0,1,0,0,0,1,0,1,1,1,1,0,0,0,0,1,0,0,0,0,0,0,0,0,1,0,0,0,0,2,0,0,0,0,1,0,6,0,0,5,0,0,0,22,0,1,4,2,10,0,0,0,0,4,0,0,0,0,0,0,0,0,2,0,0,0,0,12,0,0,0,0,6,0,41,0,0,19,0,0,0,125,0,6,21,16,60,0,0,0,0,30,0,0,0,0,0,0,0,0,12,0,0,0,0
0528,1,0,0,1,0,1,0,1,0,0,1,1,0,0,1,0,0,1,0,1,0,1,0,0,0,0,0,0,0,0,0,0,0,0,0,0,0,0,4,0,0,6,0,4,0,2,0,0,11,1,0,0,30,0,0,3,0,8,0,3,0,0,0,0,0,0,0,0,0,0,0,0,0,0,0,0,34,0,0,36,0,18,0,12,0,0,61,6,0,0,186,0,0,18,0,50,0,22,0,0,0,0,0,0,0,0,0,0,0,0,0,0,0,0
0529,1,0,0,1,0,1,0,1,0,0,1,1,0,0,1,1,0,1,0,1,0,1,0,0,1,0,0,0,0,0,0,0,0,0,0,0,0,0,2,0,0,13,0,2,0,2,0,0,10,2,0,0,12,4,0,2,0,5,0,1,0,0,4,0,0,0,0,0,0,0,0,0,0,0,0,0,14,0,0,81,0,12,0,12,0,0,65,12,0,0,78,20,0,12,0,16,0,6,0,0,25,0,0,0,0,0,0,0,0,0,0,0,0,0
0530,1,0,0,1,0,1,0,1,1,0,1,0,0,0,1,1,0,1,0,1,0,0,0,0,1,0,0,0,0,0,0,0,0,0,0,0,0,0,2,0,0,9,0,1,0,1,1,0,11,0,0,0,10,2,0,1,0,6,0,0,0,0,5,0,0,0,0,0,0,0,0,0,0,0,0,0,14,0,0,62,0,6,0,6,6,0,64,0,0,0,58,10,0,4,0,40,0,0,0,0,30,0,0,0,0,0,0,0,0,0,0,0,0,0
0531,1,0,0,1,0,1,0,1,0,0,1,1,0,0,1,1,0,1,0,1,0,0,0,0,1,0,0,0,0,0,0,0,0,0,0,0,0,0,1,0,0,9,0,3,0,3,0,0,6,2,0,0,10,3,0,1,0,4,0,0,0,0,2,0,0,0,0,0,0,0,0,0,0,0,0,0,10,0,0,40,0,12,0,24,0,0,40,12,0,0,68,16,0,8,0,35,0,0,0,0,14,0,0,0,0,0,0,0,0,0,0,0,0,0
0601,0,0,0,1,0,1,0,1,1,0,1,0,0,0,1,1,0,0,0,1,0,0,0,1,1,0,0,0,0,0,0,0,0,0,0,0,0,0,0,0,0,13,0,3,0,3,1,0,11,0,0,0,7,6,0,0,0,5,0,0,0,2,5,0,0,0,0,0,0,0,0,0,0,0,0,0,0,0,0,76,0,14,0,18,6,0,75,0,0,0,50,32,0,0,0,37,0,0,0,12,38,0,0,0,0,0,0,0,0,0,0,0,0,0
0602,0,0,0,1,0,1,0,1,0,0,1,1,0,0,0,1,0,1,0,1,0,0,0,1,0,0,0,0,0,0,0,0,0,0,0,0,0,0,0,0,0,10,0,2,0,2,0,0,9,1,0,0,0,2,0,1,0,8,0,0,0,1,0,0,0,0,0,0,0,0,0,0,0,0,0,0,0,0,0,57,0,7,0,10,0,0,64,13,0,0,0,14,0,6,0,51,0,0,0,4,0,0,0,0,0,0,0,0,0,0,0,0,0,0
0603,0,0,0,1,1,1,0,1,0,0,1,0,0,0,1,1,1,1,0,1,0,0,0,1,1,0,1,0,0,1,0,0,0,0,0,0,0,0,0,0,0,9,1,6,0,1,0,0,12,0,0,0,2,1,1,1,0,7,0,0,0,1,2,0,1,0,0,1,0,0,0,0,0,0,0,0,0,0,0,55,6,29,0,6,0,0,76,0,0,0,10,6,6,8,0,34,0,0,0,6,12,0,4,0,0,3,0,0,0,0,0,0,0,0
0604,1,0,0,1,1,1,0,1,0,0,1,1,0,0,1,1,0,1,0,1,0,0,0,1,1,0,0,0,0,0,0,0,0,0,0,0,0,0,6,0,0,12,1,3,0,3,0,0,16,2,0,0,9,1,0,1,0,14,0,0,0,3,3,0,0,0,0,0,0,0,0,0,0,0,0,0,34,0,0,70,6,18,0,16,0,0,96,12,0,0,46,6,0,6,0,92,0,0,0,15,18,0,0,0,0,0,0,0,0,0,0,0,0,0
0605,1,0,0,1,1,1,0,1,0,0,1,1,0,0,1,0,0,0,1,1,0,1,0,1,1,0,0,0,0,0,0,0,0,0,0,0,0,0,5,0,0,9,1,3,0,9,0,0,15,1,0,0,10,0,0,0,1,5,0,2,0,1,1,0,0,0,0,0,0,0,0,0,0,0,0,0,30,0,0,52,6,18,0,45,0,0,74,6,0,0,54,0,0,0,6,26,0,12,0,3,4,0,0,0,0,0,0,0,0,0,0,0,0,0
0606,0,0,0,1,1,1,0,1,0,1,1,1,0,0,1,0,0,1,0,1,0,1,0,0,0,0,0,0,0,0,0,0,0,0,0,0,0,0,0,0,0,3,3,2,0,2,0,5,10,1,0,0,9,0,0,2,0,4,0,10,0,0,0,0,0,0,0,0,0,0,0,0,0,0,0,0,0,0,0,18,16,12,0,12,0,28,59,4,0,0,47,0,0,9,0,22,0,54,0,0,0,0,0,0,0,0,0,0,0,0,0,0,0,0
0607,0,0,1,1,1,1,0,0,0,0,1,1,0,0,1,0,1,1,0,1,0,1,0,0,0,0,0,0,0,0,0,0,0,0,0,0,0,0,0,0,2,9,1,1,0,0,0,0,12,1,0,0,9,0,1,2,0,2,0,5,0,0,0,0,0,0,0,0,0,0,0,0,0,0,0,0,0,0,12,54,6,6,0,0,0,0,58,4,0,0,49,0,6,12,0,8,0,27,0,0,0,0,0,0,0,0,0,0,0,0,0,0,0,0
0608,0,0,1,1,1,1,0,1,0,1,1,1,0,0,1,0,1,1,1,1,0,1,1,0,0,0,0,0,0,0,0,0,0,0,0,0,0,0,0,0,1,11,1,2,0,1,0,5,5,1,0,0,9,0,1,3,1,1,0,6,2,0,0,0,0,0,0,0,0,0,0,0,0,0,0,0,0,0,6,60,6,9,0,6,0,28,22,6,0,0,50,0,6,14,4,14,0,36,12,0,0,0,0,0,0,0,0,0,0,0,0,0,0,0
0609,0,0,0,1,0,1,0,1,0,1,1,0,0,0,1,0,1,1,0,1,0,1,1,0,0,0,0,0,0,1,0,0,0,0,0,0,0,0,0,0,0,5,0,4,0,2,0,2,11,0,0,0,5,0,1,3,0,2,0,6,1,0,0,0,0,0,0,1,0,0,0,0,0,0,0,0,0,0,0,26,0,20,0,8,0,12,54,0,0,0,28,0,6,18,0,20,0,30,6,0,0,0,0,0,0,6,0,0,0,0,0,0,0,0
0610,0,0,0,0,1,1,0,1,0,1,1,1,0,0,1,0,0,1,0,1,0,0,1,0,0,0,0,0,0,0,0,0,0,0,0,0,0,0,0,0,0,0,2,6,0,1,0,2,17,1,0,0,12,0,0,1,0,3,0,0,1,0,0,0,0,0,0,0,0,0,0,0,0,0,0,0,0,0,0,0,9,35,0,6,0,12,76,4,0,0,58,0,0,3,0,16,0,0,6,0,0,0,0,0,0,0,0,0,0,0,0,0,0,0
0611,1,0,0,1,1,1,0,1,0,1,1,1,0,0,1,0,0,1,0,1,0,0,0,0,0,0,0,0,0,0,0,0,0,0,0,0,0,0,6,0,0,9,1,5,0,1,0,1,18,1,0,0,18,0,0,4,0,1,0,0,0,0,0,0,0,0,0,0,0,0,0,0,0,0,0,0,32,0,0,52,6,25,0,6,0,6,104,6,0,0,113,0,0,15,0,3,0,0,0,0,0,0,0,0,0,0,0,0,0,0,0,0,0,0
0612,1,0,0,1,0,1,0,0,0,0,1,0,0,0,1,0,0,1,0,1,0,1,0,0,0,0,0,0,0,0,0,0,0,0,0,0,0,0,4,0,0,12,0,4,0,0,0,0,10,0,0,0,16,0,0,1,0,9,0,1,0,0,0,0,0,0,0,0,0,0,0,0,0,0,0,0,21,0,0,65,0,21,0,0,0,0,54,0,0,0,77,0,0,6,0,46,0,6,0,0,0,0,0,0,0,0,0,0,0,0,0,0,0,0
0613,1,0,0,1,0,1,0,1,0,1,1,0,0,0,1,0,1,0,0,1,0,0,0,0,0,0,0,0,0,0,0,0,0,0,0,0,0,0,6,0,0,3,0,2,0,1,0,5,1,0,0,0,6,0,1,0,0,5,0,0,0,0,0,0,0,0,0,0,0,0,0,0,0,0,0,0,32,0,0,16,0,12,0,6,0,30,4,0,0,0,34,0,6,0,0,28,0,0,0,0,0,0,0,0,0,0,0,0,0,0,0,0,0,0
0614,1,0,0,1,0,1,0,1,0,1,0,0,0,0,1,0,1,0,0,1,0,0,0,0,0,0,0,0,0,0,0,1,0,0,0,0,0,0,2,0,0,7,0,2,0,1,0,3,0,0,0,0,8,0,2,0,0,6,0,0,0,0,0,0,0,0,0,0,0,1,0,0,0,0,0,0,12,0,0,40,0,10,0,6,0,18,0,0,0,0,46,0,12,0,0,30,0,0,0,0,0,0,0,0,0,0,0,6,0,0,0,0,0,0
0615,1,0,0,1,0,1,0,1,0,1,0,1,0,0,1,0,1,1,0,1,0,1,0,0,0,0,0,0,0,0,0,0,0,0,0,0,0,0,1,0,0,11,0,2,0,1,0,3,0,2,0,0,4,0,2,1,0,5,0,2,0,0,0,0,0,0,0,0,0,0,0,0,0,0,0,0,6,0,0,61,0,16,0,6,0,18,0,12,0,0,22,0,12,6,0,24,0,12,0,0,0,0,0,0,0,0,0,0,0,0,0,0,0,0
0616,1,0,0,1,0,1,0,1,0,1,0,0,0,0,1,0,0,1,0,1,0,1,0,0,0,0,0,0,0,0,0,0,0,0,0,0,0,0,2,0,0,11,0,2,0,2,0,5,0,0,0,0,4,0,0,1,0,4,0,1,0,0,0,0,0,0,0,0,0,0,0,0,0,0,0,0,12,0,0,59,0,10,0,16,0,24,0,0,0,0,26,0,0,6,0,22,0,6,0,0,0,0,0,0,0,0,0,0,0,0,0,0,0,0
0617,1,0,0,1,0,0,1,1,0,1,1,1,0,0,1,0,1,1,1,1,0,1,0,0,0,0,0,0,0,0,0,0,0,0,0,0,0,0,3,0,0,13,0,0,2,4,0,5,5,3,0,0,24,0,2,3,2,17,0,7,0,0,0,0,0,0,0,0,0,0,0,0,0,0,0,0,18,0,0,72,0,0,12,21,0,28,8,17,0,0,142,0,12,18,12,76,0,39,0,0,0,0,0,0,0,0,0,0,0,0,0,0,0,0
0618,1,0,0,1,0,1,0,1,0,1,1,0,0,0,1,0,0,1,0,1,0,1,0,0,0,0,0,0,0,0,0,0,0,0,0,0,0,0,3,0,0,11,0,1,0,2,0,6,6,0,0,0,10,0,0,4,0,3,0,4,0,0,0,0,0,0,0,0,0,0,0,0,0,0,0,0,18,0,0,60,0,6,0,12,0,34,36,0,0,0,62,0,0,24,0,18,0,25,0,0,0,0,0,0,0,0,0,0,0,0,0,0,0,0
0619,0,0,0,1,0,1,0,1,0,1,0,1,0,0,1,0,1,0,1,1,0,0,0,0,0,0,0,0,0,0,0,0,0,0,0,0,0,0,0,0,0,8,0,2,0,3,0,2,0,1,0,0,8,0,2,0,1,1,0,0,0,0,0,0,0,0,0,0,0,0,0,0,0,0,0,0,0,0,0,38,0,10,0,18,0,12,0,6,0,0,48,0,12,0,4,6,0,0,0,0,0,0,0,0,0,0,0,0,0,0,0,0,0,0
0620,1,0,0,1,0,1,0,1,0,1,0,0,0,0,1,0,1,1,0,1,0,1,0,0,0,0,0,0,0,0,0,0,0,0,0,0,0,0,3,0,0,3,0,6,0,1,0,6,0,0,0,0,3,0,1,1,0,3,0,2,0,0,0,0,0,0,0,0,0,0,0,0,0,0,0,0,16,0,0,16,0,44,0,6,0,32,0,0,0,0,19,0,6,6,0,9,0,12,0,0,0,0,0,0,0,0,0,0,0,0,0,0,0,0
0621,1,0,0,1,0,1,0,1,0,1,0,1,0,0,1,0,0,1,1,1,0,1,0,0,0,0,0,0,0,0,0,0,0,1,0,0,0,0,1,0,0,2,0,8,0,1,0,4,0,1,0,0,6,0,0,1,1,1,0,2,0,0,0,0,0,0,0,0,0,0,0,1,0,0,0,0,6,0,0,12,0,46,0,6,0,24,0,6,0,0,34,0,0,6,7,6,0,12,0,0,0,0,0,0,0,0,0,0,0,6,0,0,0,0
0622,1,0,0,1,0,1,0,1,0,1,0,1,0,0,1,0,0,0,0,0,0,1,0,0,1,0,0,0,0,0,0,0,0,0,1,0,0,0,3,0,0,4,0,9,0,2,0,6,0,1,0,0,5,0,0,0,0,0,0,3,0,0,1,0,0,0,0,0,0,0,0,0,1,0,0,0,18,0,0,18,0,52,0,14,0,31,0,6,0,0,28,0,0,0,0,0,0,18,0,0,0,0,0,0,0,0,0,0,0,0,6,0,0,0
0623,1,0,0,1,0,0,0,1,1,1,0,0,0,0,1,0,0,0,1,1,0,1,0,0,1,0,0,0,0,0,0,0,0,0,0,0,0,0,3,0,0,8,0,0,0,1,3,3,0,0,0,0,11,0,0,0,1,3,0,2,0,0,1,0,0,0,0,0,0,0,0,0,0,0,0,0,14,0,0,40,0,0,0,4,18,18,0,0,0,0,60,0,0,0,6,12,0,12,0,0,6,0,0,0,0,0,0,0,0,0,0,0,0,0
0624,1,0,0,0,0,1,0,1,0,1,0,0,0,0,1,0,1,1,1,1,0,0,0,0,0,0,0,0,0,0,0,0,0,0,1,0,0,0,3,0,0,0,0,4,0,1,0,6,0,0,0,0,7,0,1,2,3,3,0,0,0,0,0,0,0,0,0,0,0,0,0,0,3,0,0,0,16,0,0,0,0,20,0,4,0,29,0,0,0,0,39,0,6,12,13,18,0,0,0,0,0,0,0,0,0,0,0,0,0,0,18,0,0,0
0625,1,0,0,0,1,1,0,0,0,1,0,1,0,0,1,0,1,1,0,1,0,1,0,0,0,0,0,0,0,0,0,0,0,0,0,0,0,0,1,0,0,0,1,3,0,0,0,3,0,4,0,0,3,0,1,2,0,3,0,1,0,0,0,0,0,0,0,0,0,0,0,0,0,0,0,0,4,0,0,0,6,16,0,0,0,18,0,24,0,0,16,0,6,12,0,19,0,6,0,0,0,0,0,0,0,0,0,0,0,0,0,0,0,0
0626,1,0,1,0,1,1,0,1,0,1,1,1,0,0,1,0,1,1,0,1,0,1,0,0,0,0,0,0,0,0,0,0,0,0,0,0,0,0,3,0,1,0,3,3,0,1,0,4,2,4,0,0,11,0,1,1,0,3,0,2,0,0,0,0,0,0,0,0,0,0,0,0,0,0,0,0,20,0,6,0,18,19,0,6,0,24,12,22,0,0,60,0,6,6,0,12,0,12,0,0,0,0,0,0,0,0,0,0,0,0,0,0,0,0
0627,0,0,0,0,0,1,0,1,0,1,0,1,0,0,1,0,0,1,0,1,0,1,0,0,0,0,0,0,0,0,0,0,0,0,0,0,0,0,0,0,0,0,0,1,0,1,0,4,0,5,0,0,6,0,0,1,0,4,0,1,0,0,0,0,0,0,0,0,0,0,0,0,0,0,0,0,0,0,0,0,0,6,0,6,0,24,0,26,0,0,36,0,0,6,0,24,0,6,0,0,0,0,0,0,0,0,0,0,0,0,0,0,0,0
0628,1,0,1,0,0,1,1,1,0,1,0,1,0,0,1,0,0,1,0,1,0,1,0,0,0,0,0,0,0,0,0,0,0,0,0,0,0,0,1,0,2,0,0,3,1,1,0,7,0,7,0,0,2,0,0,4,0,2,0,1,0,0,0,0,0,0,0,0,0,0,0,0,0,0,0,0,10,0,12,0,0,18,6,6,0,42,0,40,0,0,12,0,0,18,0,12,0,6,0,0,0,0,0,0,0,0,0,0,0,0,0,0,0,0
0629,1,0,0,0,0,1,1,1,0,1,0,1,0,0,1,0,0,1,0,1,0,1,0,0,0,0,1,0,0,0,0,0,0,0,0,0,0,0,1,0,0,0,0,5,9,1,0,4,0,4,0,0,5,0,0,3,0,2,0,2,0,0,0,0,1,0,0,0,0,0,0,0,0,0,0,0,6,0,0,0,0,26,49,6,0,22,0,20,0,0,27,0,0,14,0,6,0,12,0,0,0,0,0,0,0,0,0,0,0,0,0,0,0,0
0630,1,0,0,0,0,1,1,1,0,1,0,1,0,0,0,0,1,1,0,1,0,1,0,0,0,0,0,0,0,0,0,0,0,0,0,0,0,0,3,0,0,0,0,3,4,6,0,1,0,1,0,0,0,0,1,2,0,6,0,2,0,0,0,0,0,0,0,0,0,0,0,0,0,0,0,0,16,0,0,0,0,14,20,38,0,4,0,6,0,0,0,0,6,8,0,30,0,12,0,0,0,0,0,0,0,0,0,0,0,0,0,0,0,0
0701,1,0,0,1,0,1,1,1,0,0,1,1,0,0,0,0,1,1,0,1,0,1,0,0,0,0,0,0,0,0,0,0,0,0,0,0,0,0,2,0,0,1,0,3,1,6,0,0,1,3,0,0,0,0,1,1,0,4,0,2,0,0,0,0,0,0,0,0,0,0,0,0,0,0,0,0,16,0,0,6,0,16,6,34,0,0,6,14,0,0,0,0,6,4,0,22,0,10,0,0,0,0,0,0,0,0,0,0,0,0,0,0,0,0
0702,1,0,0,0,0,1,1,1,0,1,0,1,0,0,0,0,0,0,0,1,0,1,0,0,0,0,0,0,0,0,0,0,0,0,0,0,0,0,1,0,0,0,0,3,2,1,0,1,0,6,0,0,0,0,0,0,0,2,0,4,0,0,0,0,0,0,0,0,0,0,0,0,0,0,0,0,4,0,0,0,0,18,12,6,0,6,0,36,0,0,0,0,0,0,0,12,0,24,0,0,0,0,0,0,0,0,0,0,0,0,0,0,0,0
0703,1,0,0,0,0,1,0,1,0,1,1,1,0,0,0,0,0,1,0,1,0,1,0,0,0,0,0,1,0,0,0,0,0,0,0,0,0,0,2,0,0,0,0,4,0,2,0,2,1,3,0,0,0,0,0,1,0,3,0,4,0,0,0,0,0,1,0,0,0,0,0,0,0,0,0,0,12,0,0,0,0,21,0,13,0,12,6,18,0,0,0,0,0,6,0,18,0,24,0,0,0,0,0,4,0,0,0,0,0,0,0,0,0,0
0704,1,0,0,0,0,1,0,0,0,1,0,1,0,0,0,0,1,1,0,1,0,1,0,0,0,0,0,0,0,0,0,1,0,0,0,0,0,0,1,0,0,0,0,2,0,0,0,3,0,3,0,0,0,0,2,1,0,1,0,7,0,0,0,0,0,0,0,0,0,1,0,0,0,0,0,0,6,0,0,0,0,12,0,0,0,18,0,18,0,0,0,0,12,6,0,7,0,45,0,0,0,0,0,0,0,0,0,4,0,0,0,0,0,0
0705,1,0,0,0,0,1,0,1,0,1,0,1,0,0,0,0,0,1,0,1,0,1,0,0,0,0,0,0,0,0,0,0,0,0,0,0,0,0,3,0,0,0,0,5,0,3,0,2,0,6,0,0,0,0,0,1,0,2,0,4,0,0,0,0,0,0,0,0,0,0,0,0,0,0,0,0,16,0,0,0,0,26,0,20,0,12,0,34,0,0,0,0,0,6,0,14,0,24,0,0,0,0,0,0,0,0,0,0,0,0,0,0,0,0
0706,1,0,0,0,0,1,0,1,0,1,0,1,0,1,0,0,1,1,0,1,0,1,0,0,0,0,0,0,0,0,0,0,0,0,0,0,0,0,4,0,0,0,0,5,0,3,0,3,0,2,0,2,0,0,2,5,0,3,0,3,0,0,0,0,0,0,0,0,0,0,0,0,0,0,0,0,17,0,0,0,0,22,0,18,0,17,0,12,0,10,0,0,10,28,0,16,0,18,0,0,0,0,0,0,0,0,0,0,0,0,0,0,0,0
0707,1,0,0,0,0,1,0,1,0,1,0,1,0,0,0,0,0,1,0,1,0,1,0,0,0,0,0,0,0,0,0,0,0,0,0,0,0,0,1,0,0,0,0,1,0,3,0,2,0,2,0,0,0,0,0,2,0,4,0,1,0,0,0,0,0,0,0,0,0,0,0,0,0,0,0,0,6,0,0,0,0,6,0,14,0,12,0,12,0,0,0,0,0,12,0,24,0,6,0,0,0,0,0,0,0,0,0,0,0,0,0,0,0,0
0708,1,0,0,0,0,1,0,0,0,1,0,1,0,0,0,0,0,1,0,1,0,1,1,0,0,0,0,0,0,0,0,1,0,0,0,0,0,0,3,0,0,0,0,6,0,0,0,1,0,4,0,0,0,0,0,5,0,5,0,1,1,0,0,0,0,0,0,0,0,1,0,0,0,0,0,0,13,0,0,0,0,32,0,0,0,6,0,24,0,0,0,0,0,30,0,26,0,6,4,0,0,0,0,0,0,0,0,4,0,0,0,0,0,0
0709,1,0,1,0,0,1,0,1,0,1,0,1,0,0,0,0,1,1,0,1,0,1,0,0,0,0,0,0,0,0,0,0,0,0,0,0,0,0,1,0,1,0,0,8,0,5,0,2,0,5,0,0,0,0,3,1,0,2,0,3,0,0,0,0,0,0,0,0,0,0,0,0,0,0,0,0,6,0,4,0,0,41,0,30,0,12,0,30,0,0,0,0,18,6,0,10,0,11,0,0,0,0,0,0,0,0,0,0,0,0,0,0,0,0
0710,1,0,1,0,0,1,0,1,0,1,1,1,0,0,0,0,1,1,1,1,0,1,0,0,0,0,0,0,0,0,0,1,0,0,0,0,0,0,3,0,5,0,0,7,0,4,0,2,1,6,0,0,0,0,1,2,1,11,0,6,0,0,0,0,0,0,0,0,0,1,0,0,0,0,0,0,18,0,27,0,0,43,0,20,0,10,4,30,0,0,0,0,6,10,6,68,0,34,0,0,0,0,0,0,0,0,0,0,0,0,0,0,0,0
0711,1,0,0,0,0,1,0,0,0,1,0,1,0,0,1,0,0,1,0,1,0,1,0,0,0,0,0,0,0,0,0,0,0,0,0,0,0,0,4,0,0,0,0,7,0,0,0,2,0,2,0,0,1,0,0,2,0,1,0,4,0,0,0,0,0,0,0,0,0,0,0,0,0,0,0,0,20,0,0,0,0,41,0,0,0,12,0,10,0,0,7,0,0,7,0,6,0,24,0,0,0,0,0,0,0,0,0,0,0,0,0,0,0,0
0712,1,0,0,0,0,1,0,1,0,1,0,1,0,0,0,0,1,1,0,1,0,1,0,0,0,0,0,0,0,0,0,0,0,0,0,0,0,0,4,0,0,0,0,4,0,1,0,1,0,3,0,0,0,0,2,1,0,1,0,6,0,0,0,0,0,0,0,0,0,0,0,0,0,0,0,0,20,0,0,0,0,24,0,6,0,6,0,18,0,0,0,0,13,6,0,6,0,34,0,0,0,0,0,0,0,0,0,0,0,0,0,0,0,0
0713,1,0,0,0,0,1,0,1,0,1,0,1,0,0,0,0,1,1,0,1,0,1,0,0,0,0,0,0,0,0,0,0,0,0,0,0,1,0,4,0,0,0,0,3,0,3,0,4,0,2,0,0,0,0,2,1,0,4,0,4,0,0,0,0,0,0,0,0,0,0,0,0,0,0,1,0,18,0,0,0,0,16,0,17,0,22,0,12,0,0,0,0,14,6,0,22,0,22,0,0,0,0,0,0,0,0,0,0,0,0,0,0,0,0
0714,1,0,0,0,0,1,0,1,0,1,0,1,0,0,0,0,0,1,0,1,0,1,0,0,0,0,0,0,0,0,0,0,0,0,0,0,0,0,2,0,0,0,0,4,0,4,0,4,0,4,0,0,0,0,0,3,0,5,0,4,0,0,0,0,0,0,0,0,0,0,0,0,0,0,0,0,12,0,0,0,0,27,0,23,0,22,0,24,0,0,0,0,0,14,0,30,0,24,0,0,0,0,0,0,0,0,0,0,0,0,0,0,0,0
0715,1,1,0,0,0,1,0,1,0,1,0,1,0,0,0,0,0,1,0,1,0,1,0,0,0,0,0,0,0,0,0,0,0,0,0,0,0,0,4,1,0,0,0,3,0,4,0,4,0,5,0,0,0,0,0,2,0,7,0,2,0,0,0,0,0,0,0,0,0,0,0,0,0,0,0,0,22,4,0,0,0,16,0,26,0,24,0,28,0,0,0,0,0,12,0,43,0,13,0,0,0,0,0,0,0,0,0,0,0,0,0,0,0,0
0716,1,0,0,0,0,1,0,1,0,1,0,1,0,0,0,0,0,1,0,1,0,1,0,0,0,0,0,0,0,0,0,0,0,0,0,0,0,0,2,0,0,0,0,5,0,2,0,6,0,4,0,0,0,0,0,1,0,5,0,2,0,0,0,0,0,0,0,0,0,0,0,0,0,0,0,0,12,0,0,0,0,28,0,13,0,29,0,25,0,0,0,0,0,6,0,24,0,10,0,0,0,0,0,0,0,0,0,0,0,0,0,0,0,0
0717,1,0,0,0,0,1,0,1,0,1,0,1,0,0,1,0,1,0,0,1,0,1,0,0,0,0,0,0,0,0,0,0,0,0,0,0,0,0,1,0,0,0,0,2,0,3,0,5,0,6,0,0,1,0,1,0,0,4,0,3,0,0,0,0,0,0,0,0,0,0,0,0,0,0,0,0,4,0,0,0,0,10,0,16,0,28,0,40,0,0,6,0,6,0,0,21,0,24,0,0,0,0,0,0,0,0,0,0,0,0,0,0,0,0
0718,1,0,0,0,0,1,0,1,0,1,0,1,0,0,1,0,1,0,0,1,0,1,0,0,0,0,0,0,0,0,0,0,0,0,0,0,0,0,1,0,0,0,0,3,0,4,0,6,0,4,0,0,2,0,1,0,0,4,0,5,0,0,0,0,0,0,0,0,0,0,0,0,0,0,0,0,6,0,0,0,0,18,0,24,0,34,0,28,0,0,12,0,6,0,0,19,0,30,0,0,0,0,0,0,0,0,0,0,0,0,0,0,0,0
0719,1,0,0,0,0,1,0,1,0,1,0,1,1,0,1,0,1,0,0,1,0,1,0,0,0,0,0,0,0,0,0,0,0,0,0,0,0,0,2,0,0,0,0,2,0,4,0,9,0,4,1,0,1,0,2,0,0,5,0,8,0,0,0,0,0,0,0,0,0,0,0,0,0,0,0,0,10,0,0,0,0,9,0,21,0,46,0,20,6,0,10,0,12,0,0,28,0,49,0,0,0,0,0,0,0,0,0,0,0,0,0,0,0,0
0720,1,0,0,0,0,1,0,1,0,1,0,1,0,0,1,0,0,0,0,1,0,1,0,0,0,0,0,0,0,0,0,0,0,0,0,0,0,0,4,0,0,0,0,3,0,5,0,17,0,3,0,0,3,0,0,0,0,3,0,5,0,0,0,0,0,0,0,0,0,0,0,0,0,0,0,0,24,0,0,0,0,18,0,23,0,98,0,18,0,0,15,0,0,0,0,15,0,27,0,0,0,0,0,0,0,0,0,0,0,0,0,0,0,0
0721,1,0,0,0,0,1,0,1,1,1,0,1,0,0,1,0,1,0,1,1,0,1,0,0,1,0,0,0,0,0,0,0,0,0,0,0,0,0,1,0,0,0,0,1,0,5,1,16,0,3,0,0,1,0,1,0,6,5,0,7,0,0,2,0,0,0,0,0,0,0,0,0,0,0,0,0,4,0,0,0,0,4,0,30,4,86,0,20,0,0,6,0,6,0,40,22,0,38,0,0,10,0,0,0,0,0,0,0,0,0,0,0,0,0
0722,1,0,0,1,0,1,0,1,0,1,1,1,0,0,1,0,0,0,1,1,1,1,0,0,0,0,0,0,0,0,0,0,0,0,0,0,0,0,1,0,0,1,0,2,0,13,0,16,1,6,0,0,9,0,0,0,5,13,6,5,0,0,0,0,0,0,0,0,0,0,0,0,0,0,0,0,6,0,0,6,0,9,0,83,0,100,6,22,0,0,57,0,0,0,28,64,36,27,0,0,0,0,0,0,0,0,0,0,0,0,0,0,0,0
0723,0,0,1,0,0,1,0,1,1,1,0,1,0,0,1,0,1,1,1,1,1,1,0,0,0,0,0,0,0,0,0,0,0,0,0,0,0,0,0,0,1,0,0,2,0,10,2,15,0,5,0,0,9,0,1,1,6,5,4,8,0,0,0,0,0,0,0,0,0,0,0,0,0,0,0,0,0,0,3,0,0,12,0,52,12,80,0,21,0,0,42,0,6,6,33,26,22,43,0,0,0,0,0,0,0,0,0,0,0,0,0,0,0,0
0724,0,0,0,0,0,1,1,1,1,1,1,1,0,0,1,0,0,0,1,1,1,1,0,0,1,0,0,0,0,0,0,0,0,0,0,0,0,0,0,0,0,0,0,3,4,5,3,9,1,2,0,0,4,0,0,0,6,6,4,4,0,0,3,0,0,0,0,0,0,0,0,0,0,0,0,0,0,0,0,0,0,18,22,36,20,60,6,12,0,0,22,0,0,0,34,25,22,23,0,0,15,0,0,0,0,0,0,0,0,0,0,0,0,0
0725,0,0,0,0,0,1,1,1,1,1,1,0,0,0,0,0,0,0,1,1,1,1,0,0,0,0,0,0,0,0,0,0,0,0,0,0,0,0,0,0,0,0,0,3,1,2,1,4,2,0,0,0,0,0,0,0,1,1,7,3,0,0,0,0,0,0,0,0,0,0,0,0,0,0,0,0,0,0,0,0,0,16,6,12,6,24,12,0,0,0,0,0,0,0,6,6,46,15,0,0,0,0,0,0,0,0,0,0,0,0,0,0,0,0
0726,0,0,0,0,0,1,1,1,0,1,1,0,0,0,0,0,1,0,1,1,1,1,0,0,0,0,0,0,0,0,0,0,0,0,0,0,0,0,0,0,0,0,0,1,1,1,0,8,2,0,0,0,0,0,1,0,1,3,5,2,0,0,0,0,0,0,0,0,0,0,0,0,0,0,0,0,0,0,0,0,0,6,6,6,0,46,12,0,0,0,0,0,6,0,6,18,32,8,0,0,0,0,0,0,0,0,0,0,0,0,0,0,0,0
0727,0,0,0,0,0,1,1,1,0,1,1,0,0,0,0,0,1,0,1,0,1,1,0,0,0,0,0,0,0,0,0,0,0,0,0,0,0,0,0,0,0,0,0,1,1,2,0,11,2,0,0,0,0,0,1,0,3,0,5,4,0,0,0,0,0,0,0,0,0,0,0,0,0,0,0,0,0,0,0,0,0,6,6,12,0,62,12,0,0,0,0,0,4,0,20,0,30,21,0,0,0,0,0,0,0,0,0,0,0,0,0,0,0,0
0728,0,0,0,0,0,1,1,0,0,1,1,0,0,0,0,0,0,0,1,1,1,1,0,0,0,0,0,0,0,0,0,1,1,0,0,0,0,0,0,0,0,0,0,4,2,0,0,6,1,0,0,0,0,0,0,0,1,6,4,3,0,0,0,0,0,0,0,0,0,1,1,0,0,0,0,0,0,0,0,0,0,24,12,0,0,33,6,0,0,0,0,0,0,0,6,36,24,18,0,0,0,0,0,0,0,0,0,4,6,0,0,0,0,0
0729,1,0,0,0,0,1,0,1,0,1,1,0,0,0,0,0,1,0,1,1,1,1,1,0,0,0,0,0,0,0,0,0,0,0,0,0,0,0,1,0,0,0,0,5,0,4,0,5,3,0,0,0,0,0,1,0,2,4,5,5,3,0,0,0,0,0,0,0,0,0,0,0,0,0,0,0,6,0,0,0,0,26,0,28,0,29,18,0,0,0,0,0,6,0,12,24,26,30,20,0,0,0,0,0,0,0,0,0,0,0,0,0,0,0
0730,1,0,0,0,0,1,0,1,0,1,1,0,0,0,0,0,1,0,1,1,1,1,0,0,0,0,0,0,0,0,0,0,0,0,0,0,0,0,5,0,0,0,0,7,0,4,0,4,3,0,0,0,0,0,2,0,3,5,1,3,0,0,0,0,0,0,0,0,0,0,0,0,0,0,0,0,26,0,0,0,0,40,0,20,0,21,18,0,0,0,0,0,16,0,18,30,7,16,0,0,0,0,0,0,0,0,0,0,0,0,0,0,0,0
0731,1,0,0,0,0,1,0,1,0,1,1,0,0,0,0,0,1,0,1,1,1,1,0,0,0,0,0,0,0,0,0,0,0,0,0,0,0,0,6,0,0,0,0,11,0,5,0,3,3,0,0,0,0,0,2,0,3,2,2,3,0,0,0,0,0,0,0,0,0,0,0,0,0,0,0,0,35,0,0,0,0,61,0,26,0,16,16,0,0,0,0,0,12,0,18,12,10,15,0,0,0,0,0,0,0,0,0,0,0,0,0,0,0,0
0801,1,0,0,0,0,1,0,1,0,1,0,0,0,1,0,0,1,0,0,1,1,1,1,0,0,0,0,0,0,0,0,0,0,0,0,0,0,0,2,0,0,0,0,7,0,1,0,4,0,0,0,1,0,0,1,0,0,5,1,5,4,0,0,0,0,0,0,0,0,0,0,0,0,0,0,0,12,0,0,0,0,40,0,6,0,22,0,0,0,6,0,0,6,0,0,30,4,25,22,0,0,0,0,0,0,0,0,0,0,0,0,0,0,0
0802,1,0,0,0,0,1,0,1,0,1,1,0,0,0,0,0,0,0,0,1,1,1,1,0,0,0,0,0,0,0,0,0,0,0,0,0,0,0,2,0,0,0,0,3,0,2,0,3,3,0,0,0,0,0,0,0,0,2,6,4,1,0,0,0,0,0,0,0,0,0,0,0,0,0,0,0,12,0,0,0,0,18,0,12,0,15,16,0,0,0,0,0,0,0,0,10,30,26,4,0,0,0,0,0,0,0,0,0,0,0,0,0,0,0
0803,1,0,1,0,0,1,0,1,0,1,1,1,0,0,0,0,1,0,0,1,1,1,1,0,0,0,0,0,0,0,0,0,0,0,0,0,0,0,3,0,1,0,0,7,0,5,0,5,6,7,0,0,0,0,3,0,0,6,2,6,3,0,0,0,0,0,0,0,0,0,0,0,0,0,0,0,18,0,6,0,0,44,0,24,0,30,29,37,0,0,0,0,16,0,0,33,12,34,18,0,0,0,0,0,0,0,0,0,0,0,0,0,0,0
0804,1,0,1,0,0,1,0,1,0,1,1,1,1,1,0,0,1,0,0,1,1,1,1,0,0,0,0,0,0,0,0,0,0,0,0,0,0,0,5,0,3,0,0,31,0,13,0,8,8,20,1,3,0,0,5,0,0,5,4,8,20,0,0,0,0,0,0,0,0,0,0,0,0,0,0,0,30,0,10,0,0,159,0,80,0,45,41,99,8,20,0,0,28,0,0,30,24,48,119,0,0,0,0,0,0,0,0,0,0,0,0,0,0,0
0805,0,0,1,0,1,1,0,1,0,1,1,1,0,0,0,1,0,0,0,0,0,1,1,0,0,0,0,0,0,0,0,0,0,0,0,0,0,0,0,0,2,0,1,12,0,3,0,4,2,9,0,0,0,1,0,0,0,0,0,7,7,0,0,0,0,0,0,0,0,0,0,0,0,0,0,0,0,0,6,0,0,53,0,16,0,25,12,48,0,0,0,6,0,0,0,0,0,42,42,0,0,0,0,0,0,0,0,0,0,0,0,0,0,0
0806,0,0,0,1,0,1,0,1,0,1,1,1,0,0,1,1,1,0,0,0,1,1,0,0,0,0,0,0,0,0,0,0,0,0,0,0,0,0,0,0,0,1,0,8,0,5,0,1,5,9,0,0,3,10,2,0,0,0,2,5,0,0,0,0,0,0,0,0,0,0,0,0,0,0,0,0,0,0,0,6,0,43,0,30,0,6,22,43,0,0,18,60,14,0,0,0,14,34,0,0,0,0,0,0,0,0,0,0,0,0,0,0,0,0
0807,1,0,0,0,1,1,0,1,0,1,1,1,0,0,1,1,1,0,0,0,1,1,0,0,0,0,0,0,0,0,0,0,0,0,0,0,0,0,5,0,0,0,1,15,0,5,0,2,4,10,0,0,20,13,1,0,0,0,4,7,0,0,0,0,0,0,0,0,0,0,0,0,0,0,0,0,22,0,0,0,6,83,0,28,0,12,20,57,0,0,100,73,6,0,0,0,26,46,0,0,0,0,0,0,0,0,0,0,0,0,0,0,0,0
0808,1,0,1,0,0,1,0,1,0,1,1,1,0,0,1,1,0,0,1,0,1,1,0,0,0,0,0,0,0,0,0,0,0,0,0,0,0,0,1,0,1,0,0,14,0,1,0,3,2,3,0,0,8,1,0,0,2,0,1,7,0,0,0,0,0,0,0,0,0,0,0,0,0,0,0,0,6,0,6,0,0,84,0,6,0,18,10,15,0,0,50,6,0,0,10,0,8,40,0,0,0,0,0,0,0,0,0,0,0,0,0,0,0,0
0809,1,0,0,0,0,1,0,0,0,1,1,1,0,0,1,1,0,0,1,0,1,1,0,0,0,0,0,0,0,0,0,0,0,0,0,0,0,0,4,0,0,0,0,4,0,0,0,3,3,7,0,0,2,2,0,0,1,0,3,3,0,0,0,0,0,0,0,0,0,0,0,0,0,0,0,0,19,0,0,0,0,26,0,0,0,18,18,34,0,0,12,12,0,0,6,0,22,18,0,0,0,0,0,0,0,0,0,0,0,0,0,0,0,0
0810,1,0,0,0,0,1,0,1,0,1,1,1,0,0,1,0,1,0,1,0,1,1,0,0,0,0,0,0,0,0,0,0,0,0,0,0,0,0,3,0,0,0,0,5,0,1,0,4,5,5,0,0,1,0,1,0,4,0,2,5,0,0,0,0,0,0,0,0,0,0,0,0,0,0,0,0,18,0,0,0,0,27,0,6,0,22,26,27,0,0,6,0,6,0,24,0,14,30,0,0,0,0,0,0,0,0,0,0,0,0,0,0,0,0
0811,1,0,0,0,0,1,0,1,0,1,1,1,0,0,0,0,0,0,1,0,1,1,0,0,0,0,0,0,0,0,0,0,0,0,0,0,0,0,3,0,0,0,0,2,0,4,0,2,4,8,0,0,0,0,0,0,1,0,1,5,0,0,0,0,0,0,0,0,0,0,0,0,0,0,0,0,18,0,0,0,0,9,0,24,0,10,26,44,0,0,0,0,0,0,8,0,6,30,0,0,0,0,0,0,0,0,0,0,0,0,0,0,0,0
0812,1,0,0,0,0,1,0,1,0,1,1,1,0,0,0,0,0,0,1,0,1,1,0,0,0,0,0,0,0,0,0,0,1,0,0,0,0,0,2,0,0,0,0,6,0,8,0,4,3,7,0,0,0,0,0,0,4,0,1,10,0,0,0,0,0,0,0,0,0,0,2,0,0,0,0,0,9,0,0,0,0,36,0,53,0,22,12,37,0,0,0,0,0,0,24,0,4,59,0,0,0,0,0,0,0,0,0,0,12,0,0,0,0,0
0813,0,0,1,0,0,1,1,1,1,1,1,1,0,0,1,0,0,0,1,0,1,1,0,0,0,0,0,0,0,0,0,0,0,0,0,0,0,0,0,0,2,0,0,7,4,18,8,4,2,6,0,0,11,0,0,0,12,0,1,6,0,0,0,0,0,0,0,0,0,0,0,0,0,0,0,0,0,0,12,0,0,42,18,108,48,20,12,37,0,0,61,0,0,0,68,0,6,24,0,0,0,0,0,0,0,0,0,0,0,0,0,0,0,0
0814,0,0,1,0,1,1,1,1,0,1,1,1,0,0,0,0,1,0,1,0,1,1,0,0,0,0,0,0,0,0,0,0,0,0,0,0,0,0,0,0,9,0,5,10,4,11,0,4,1,14,0,0,0,0,1,0,2,0,1,1,0,0,0,0,0,0,0,0,0,0,0,0,0,0,0,0,0,0,54,0,28,51,24,66,0,24,6,80,0,0,0,0,6,0,10,0,3,3,0,0,0,0,0,0,0,0,0,0,0,0,0,0,0,0
0815,0,0,1,0,0,1,0,1,0,1,1,1,0,0,0,0,0,0,1,0,1,1,1,0,0,0,0,0,0,1,0,0,0,0,0,0,0,0,0,0,1,0,0,76,0,2,0,6,6,9,0,0,0,0,0,0,4,0,3,8,1,0,0,0,0,0,0,1,0,0,0,0,0,0,0,0,0,0,6,0,0,446,0,12,0,36,33,52,0,0,0,0,0,0,24,0,16,51,6,0,0,0,0,0,0,6,0,0,0,0,0,0,0,0
0816,1,0,1,0,0,1,0,1,0,1,0,1,0,0,0,0,0,0,1,0,1,1,0,0,0,0,0,0,0,0,0,0,0,0,0,0,0,0,3,0,2,0,0,116,0,5,0,4,0,11,0,0,0,0,0,0,2,0,2,2,0,0,0,0,0,0,0,0,0,0,0,0,0,0,0,0,20,0,10,0,0,678,0,28,0,21,0,60,0,0,0,0,0,0,10,0,10,12,0,0,0,0,0,0,0,0,0,0,0,0,0,0,0,0
0817,1,0,1,0,0,1,0,1,1,1,1,1,0,1,0,0,0,0,1,0,1,1,1,0,0,0,0,0,0,0,0,0,1,0,0,0,0,0,7,0,4,0,0,35,0,4,4,2,2,9,0,2,0,0,0,0,2,0,2,3,3,0,0,0,0,0,0,0,0,0,1,0,0,0,0,0,44,0,24,0,0,206,0,24,19,12,12,62,0,12,0,0,0,0,8,0,14,16,16,0,0,0,0,0,0,0,0,0,10,0,0,0,0,0
0818,1,0,1,0,0,1,0,1,1,1,1,1,0,0,0,0,0,0,1,0,1,0,1,0,0,0,0,0,0,0,0,0,0,0,0,0,0,0,4,0,5,0,0,16,0,6,2,2,4,2,0,0,0,0,0,0,3,0,2,0,5,0,0,0,0,0,0,0,0,0,0,0,0,0,0,0,28,0,36,0,0,100,0,37,11,12,22,12,0,0,0,0,0,0,12,0,13,0,30,0,0,0,0,0,0,0,0,0,0,0,0,0,0,0
0819,1,0,0,0,0,1,0,1,0,1,1,1,0,0,0,0,0,0,1,0,1,1,1,0,0,0,0,0,0,0,0,1,0,0,0,0,0,0,1,0,0,0,0,12,0,5,0,6,1,4,0,0,0,0,0,0,1,0,2,2,4,0,0,0,0,0,0,0,0,1,0,0,0,0,0,0,6,0,0,0,0,66,0,31,0,36,6,23,0,0,0,0,0,0,6,0,12,12,26,0,0,0,0,0,0,0,0,6,0,0,0,0,0,0
0820,1,0,0,0,0,1,0,1,0,1,0,1,0,0,0,0,0,0,1,0,0,1,0,0,0,0,0,0,0,0,0,0,0,0,0,0,0,0,3,0,0,0,0,5,0,5,0,2,0,3,0,0,0,0,0,0,2,0,0,5,0,0,0,0,0,0,0,0,0,0,0,0,0,0,0,0,18,0,0,0,0,28,0,28,0,12,0,10,0,0,0,0,0,0,12,0,0,32,0,0,0,0,0,0,0,0,0,0,0,0,0,0,0,0
0821,0,0,0,0,0,1,0,1,0,1,1,1,0,1,0,0,1,0,1,0,0,1,0,0,0,0,0,0,0,0,0,0,0,0,0,0,0,0,0,0,0,0,0,11,0,3,0,8,1,2,0,1,0,0,1,0,1,0,0,3,0,0,0,0,0,0,0,0,0,0,0,0,0,0,0,0,0,0,0,0,0,68,0,14,0,46,6,12,0,6,0,0,6,0,6,0,0,20,0,0,0,0,0,0,0,0,0,0,0,0,0,0,0,0
0822,0,0,0,0,0,1,0,0,0,1,1,1,0,0,0,0,1,0,0,0,1,1,0,0,0,0,0,0,0,0,0,0,0,0,0,0,0,0,0,0,0,0,0,7,0,0,0,3,3,2,0,0,0,0,2,0,0,0,1,1,0,0,0,0,0,0,0,0,0,0,0,0,0,0,0,0,0,0,0,0,0,42,0,0,0,18,18,18,0,0,0,0,12,0,0,0,6,10,0,0,0,0,0,0,0,0,0,0,0,0,0,0,0,0
0823,0,0,0,0,0,1,0,1,0,1,1,1,0,0,0,0,1,0,0,0,1,0,0,0,0,0,0,0,0,0,0,0,0,0,0,0,0,0,0,0,0,0,0,2,0,1,0,5,1,3,0,0,0,0,1,0,0,0,1,0,0,0,0,0,0,0,0,0,0,0,0,0,0,0,0,0,0,0,0,0,0,12,0,6,0,30,6,16,0,0,0,0,6,0,0,0,6,0,0,0,0,0,0,0,0,0,0,0,0,0,0,0,0,0
0824,0,0,0,1,0,1,0,1,0,1,1,1,0,0,0,0,1,0,0,0,1,1,0,0,0,0,1,1,0,0,0,0,0,0,0,0,0,0,0,0,0,1,0,10,0,1,0,5,2,3,0,0,0,0,2,0,0,0,2,3,0,0,0,0,1,1,0,0,0,0,0,0,0,0,0,0,0,0,0,6,0,58,0,6,0,30,12,18,0,0,0,0,9,0,0,0,12,18,0,0,0,0,6,4,0,0,0,0,0,0,0,0,0,0
0825,0,0,1,1,0,1,0,1,0,1,1,1,0,0,1,0,1,0,0,0,1,1,0,0,0,0,0,0,0,0,0,0,0,0,0,0,0,0,0,0,1,3,0,7,0,1,0,6,1,2,0,0,2,0,1,0,0,0,2,3,0,0,0,0,0,0,0,0,0,0,0,0,0,0,0,0,0,0,6,18,0,46,0,6,0,36,6,10,0,0,12,0,6,0,0,0,12,14,0,0,0,0,0,0,0,0,0,0,0,0,0,0,0,0
0826,0,0,0,1,0,1,0,1,1,1,1,1,0,0,1,0,0,0,1,0,0,1,0,0,0,0,0,0,0,0,0,0,0,0,0,0,0,0,0,0,0,5,0,5,0,3,4,6,2,5,0,0,1,0,0,0,2,0,0,1,0,0,0,0,0,0,0,0,0,0,0,0,0,0,0,0,0,0,0,27,0,30,0,18,22,36,12,29,0,0,6,0,0,0,12,0,0,6,0,0,0,0,0,0,0,0,0,0,0,0,0,0,0,0
0827,0,0,0,1,0,1,0,1,1,1,1,1,0,0,0,0,0,0,0,0,0,0,0,0,0,0,0,0,0,0,0,0,0,0,0,0,0,0,0,0,0,4,0,6,0,3,10,4,1,4,0,0,0,0,0,0,0,0,0,0,0,0,0,0,0,0,0,0,0,0,0,0,0,0,0,0,0,0,0,24,0,30,0,16,63,24,6,23,0,0,0,0,0,0,0,0,0,0,0,0,0,0,0,0,0,0,0,0,0,0,0,0,0,0
0828,1,0,0,1,0,1,0,1,1,1,1,1,0,0,0,0,1,0,0,0,0,1,0,0,0,0,0,0,0,0,0,0,0,0,0,0,0,0,1,0,0,5,0,4,0,10,3,5,1,2,0,0,0,0,2,0,0,0,0,1,0,0,0,0,0,0,0,0,0,0,0,0,0,0,0,0,6,0,0,22,0,28,0,58,18,32,5,12,0,0,0,0,10,0,0,0,0,4,0,0,0,0,0,0,0,0,0,0,0,0,0,0,0,0
0829,0,0,1,1,0,1,0,1,1,1,1,1,0,0,1,0,1,0,1,0,0,0,1,0,0,0,0,0,0,0,0,0,0,0,0,0,0,0,0,0,3,7,0,5,0,15,20,2,1,1,0,0,1,0,2,0,4,0,0,0,4,0,0,0,0,0,0,0,0,0,0,0,0,0,0,0,0,0,18,44,0,34,0,92,116,14,6,6,0,0,4,0,8,0,22,0,0,0,17,0,0,0,0,0,0,0,0,0,0,0,0,0,0,0
0830,0,0,0,1,0,1,0,1,1,1,0,1,0,0,1,0,0,0,1,0,0,0,1,0,0,0,0,0,0,0,0,0,0,0,0,0,0,0,0,0,0,1,0,4,0,5,20,3,0,3,0,0,1,0,0,0,3,0,0,0,6,0,0,0,0,0,0,0,0,0,0,0,0,0,0,0,0,0,0,6,0,26,0,30,119,18,0,16,0,0,7,0,0,0,19,0,0,0,30,0,0,0,0,0,0,0,0,0,0,0,0,0,0,0
0831,1,0,0,1,0,0,0,1,1,0,1,0,0,0,0,1,0,0,0,0,0,0,0,0,0,0,0,0,0,0,0,0,0,0,0,0,0,0,17,0,0,9,0,0,0,1,19,0,2,0,0,0,0,13,0,0,0,0,0,0,0,0,0,0,0,0,0,0,0,0,0,0,0,0,0,0,99,0,0,51,0,0,0,6,120,0,14,0,0,0,0,65,0,0,0,0,0,0,0,0,0,0,0,0,0,0,0,0,0,0,0,0,0,0
0901,1,0,0,1,0,0,0,1,1,0,0,0,0,0,0,1,0,0,0,0,0,0,1,0,0,0,0,0,0,0,0,0,0,0,0,0,0,0,27,0,0,9,0,0,0,4,9,0,0,0,0,0,0,20,0,0,0,0,0,0,1,0,0,0,0,0,0,0,0,0,0,0,0,0,0,0,153,0,0,35,0,0,0,27,54,0,0,0,0,0,0,92,0,0,0,0,0,0,6,0,0,0,0,0,0,0,0,0,0,0,0,0,0,0
0902,1,0,0,1,0,0,0,0,1,0,0,0,0,0,0,1,0,0,0,0,0,0,1,0,0,0,0,0,0,0,0,0,0,0,0,0,0,0,8,0,0,5,0,0,0,0,7,0,0,0,0,0,0,9,0,0,0,0,0,0,1,0,0,0,0,0,0,0,0,0,0,0,0,0,0,0,51,0,0,26,0,0,0,0,39,0,0,0,0,0,0,45,0,0,0,0,0,0,4,0,0,0,0,0,0,0,0,0,0,0,0,0,0,0
0903,1,0,0,1,0,0,0,1,1,1,0,1,0,0,0,1,1,0,0,0,0,1,0,0,0,0,0,0,0,0,0,0,0,0,0,0,0,0,4,0,0,6,0,0,0,1,5,1,0,1,0,0,0,5,1,0,0,0,0,1,0,0,0,0,0,0,0,0,0,0,0,0,0,0,0,0,25,0,0,41,0,0,0,6,32,6,0,6,0,0,0,28,6,0,0,0,0,0,0,0,0,0,0,0,0,0,0,0,0,0,0,0,0,0
0904,0,0,0,1,0,1,0,1,1,1,1,1,0,0,0,1,1,0,0,0,0,0,0,0,0,0,0,0,0,0,0,0,0,0,0,0,0,0,0,0,0,6,0,6,0,1,3,7,3,3,0,0,0,4,1,0,0,0,0,0,0,0,0,0,0,0,0,0,0,0,0,0,0,0,0,0,0,0,0,40,0,36,0,6,15,44,18,14,0,0,0,25,4,0,0,0,0,0,0,0,0,0,0,0,0,0,0,0,0,0,0,0,0,0
0905,1,0,0,1,0,1,0,1,0,1,1,1,0,0,0,1,0,0,0,0,0,1,0,0,0,0,0,0,0,0,0,0,0,0,0,0,0,0,1,0,0,2,0,8,0,2,0,1,3,2,0,0,0,3,0,0,0,0,0,3,0,0,0,0,0,0,0,0,0,0,0,0,0,0,0,0,6,0,0,10,0,50,0,12,0,6,16,14,0,0,0,14,0,0,0,0,0,16,0,0,0,0,0,0,0,0,0,0,0,0,0,0,0,0
0906,0,0,0,1,0,1,0,1,0,1,1,1,0,0,0,1,0,0,0,0,0,1,0,0,0,0,0,0,0,0,0,0,0,0,0,0,0,0,0,0,0,3,0,6,0,3,0,5,1,6,0,0,0,2,0,0,0,0,0,1,0,0,0,0,0,0,0,0,0,0,0,0,0,0,0,0,0,0,0,18,0,52,0,21,0,28,6,48,0,0,0,13,0,0,0,0,0,10,0,0,0,0,0,0,0,0,0,0,0,0,0,0,0,0
0907,0,0,0,1,0,1,1,0,0,1,1,1,0,0,0,1,1,0,0,0,0,1,0,0,0,0,0,0,0,0,0,0,0,0,0,0,0,0,0,0,0,7,0,4,2,0,0,4,2,2,0,0,0,4,1,0,0,0,0,1,0,0,0,0,0,0,0,0,0,0,0,0,0,0,0,0,0,0,0,38,0,39,12,0,0,24,12,14,0,0,0,24,6,0,0,0,0,4,0,0,0,0,0,0,0,0,0,0,0,0,0,0,0,0
0908,0,0,0,1,0,1,1,1,0,1,1,1,0,0,0,1,0,0,0,0,0,1,0,0,0,0,0,0,0,1,0,0,0,0,0,0,0,0,0,0,0,2,0,6,1,5,0,3,1,3,0,0,0,3,0,0,0,0,0,1,0,0,0,0,0,0,0,2,0,0,0,0,0,0,0,0,0,0,0,11,0,34,6,40,0,20,4,28,0,0,0,22,0,0,0,0,0,6,0,0,0,0,0,0,0,16,0,0,0,0,0,0,0,0
0909,0,0,0,0,0,1,1,1,0,1,1,1,0,0,0,1,0,0,0,0,0,1,0,0,0,0,0,0,0,0,0,0,0,0,0,0,0,0,0,0,0,0,0,7,1,12,0,5,3,3,0,0,0,2,0,0,0,0,0,2,0,0,0,0,0,0,0,0,0,0,0,0,0,0,0,0,0,0,0,0,0,43,6,68,0,30,15,18,0,0,0,16,0,0,0,0,0,12,0,0,0,0,0,0,0,0,0,0,0,0,0,0,0,0
0910,0,0,0,1,0,1,0,1,0,1,1,1,1,0,0,1,0,0,1,0,0,1,1,1,0,0,0,0,0,0,0,0,0,0,0,0,0,0,0,0,0,4,0,5,0,6,0,11,4,6,1,0,0,2,0,0,6,0,0,2,3,2,0,0,0,0,0,0,0,0,0,0,0,0,0,0,0,0,0,24,0,31,0,33,0,65,21,36,6,0,0,14,0,0,36,0,0,9,18,10,0,0,0,0,0,0,0,0,0,0,0,0,0,0
0911,0,0,0,1,0,1,0,1,1,1,1,1,0,0,0,1,0,0,1,0,0,1,1,1,0,0,0,0,0,0,0,0,1,0,0,0,0,0,0,0,0,2,0,10,0,4,3,7,1,2,0,0,0,2,0,0,5,0,0,3,1,5,0,0,0,0,0,0,0,0,2,0,0,0,0,0,0,0,0,12,0,58,0,26,16,42,6,12,0,0,0,10,0,0,28,0,0,15,4,28,0,0,0,0,0,0,0,0,9,0,0,0,0,0
0912,1,0,0,1,0,1,0,1,1,1,0,1,0,0,0,0,0,0,1,0,0,1,0,0,0,0,0,0,0,0,0,0,1,0,0,0,0,0,2,0,0,2,0,5,0,1,5,3,0,1,0,0,0,0,0,0,4,0,0,1,0,0,0,0,0,0,0,0,0,0,4,0,0,0,0,0,16,0,0,12,0,35,0,6,27,19,0,6,0,0,0,0,0,0,28,0,0,6,0,0,0,0,0,0,0,0,0,0,24,0,0,0,0,0
0913,1,0,0,1,0,1,0,1,1,1,1,1,0,0,0,1,0,0,1,0,0,1,1,0,0,0,0,0,0,0,0,0,1,0,0,0,0,0,2,0,0,2,0,2,0,2,3,2,1,2,0,0,0,2,0,0,6,0,0,1,2,0,0,0,0,0,0,0,0,0,4,0,0,0,0,0,13,0,0,12,0,12,0,11,18,12,6,16,0,0,0,12,0,0,40,0,0,6,8,0,0,0,0,0,0,0,0,0,24,0,0,0,0,0
0914,1,0,0,0,0,1,0,1,1,1,1,1,0,0,0,1,0,0,1,0,0,1,1,0,0,0,0,0,0,0,0,0,1,0,0,0,0,0,2,0,0,0,0,5,0,3,5,4,2,2,0,0,0,1,0,0,8,0,0,1,1,0,0,0,0,0,0,0,0,0,4,0,0,0,0,0,12,0,0,0,0,30,0,18,30,26,14,12,0,0,0,6,0,0,48,0,0,6,3,0,0,0,0,0,0,0,0,0,22,0,0,0,0,0
0915,1,0,0,1,0,1,0,0,1,1,1,1,0,0,1,0,1,0,1,0,0,1,1,0,0,0,0,0,0,0,0,0,1,0,0,0,0,0,5,0,0,1,0,5,0,0,5,4,3,3,0,0,1,0,1,0,5,0,0,2,3,0,0,0,0,0,0,0,0,0,2,0,0,0,0,0,29,0,0,6,0,28,0,0,31,25,16,18,0,0,6,0,6,0,34,0,0,9,16,0,0,0,0,0,0,0,0,0,9,0,0,0,0,0
0916,0,0,0,1,0,1,0,1,1,1,0,1,0,0,0,0,1,0,1,0,0,1,1,0,0,0,0,0,0,0,0,0,1,0,0,0,0,0,0,0,0,3,0,3,0,2,2,2,0,3,0,0,0,0,1,0,3,0,0,2,4,0,0,0,0,0,0,0,0,0,1,0,0,0,0,0,0,0,0,18,0,18,0,10,16,11,0,18,0,0,0,0,6,0,18,0,0,12,21,0,0,0,0,0,0,0,0,0,6,0,0,0,0,0
0917,0,0,0,1,0,1,0,0,1,1,0,1,0,0,0,0,0,0,0,0,0,1,1,0,0,0,0,0,0,1,0,0,0,0,0,0,1,0,0,0,0,3,0,6,0,0,4,7,0,5,0,0,0,0,0,0,0,0,0,2,1,0,0,0,0,0,0,1,0,0,0,0,0,0,1,0,0,0,0,18,0,36,0,0,24,42,0,31,0,0,0,0,0,0,0,0,0,12,3,0,0,0,0,0,0,3,0,0,0,0,0,0,6,0
0918,0,0,0,1,0,1,0,1,1,1,0,1,0,0,0,0,0,0,0,0,0,1,1,0,0,0,0,0,0,0,0,0,0,0,0,0,0,0,0,0,0,2,0,10,0,5,2,4,0,5,0,0,0,0,0,0,0,0,0,1,3,0,0,0,0,0,0,0,0,0,0,0,0,0,0,0,0,0,0,12,0,58,0,30,12,24,0,34,0,0,0,0,0,0,0,0,0,6,16,0,0,0,0,0,0,0,0,0,0,0,0,0,0,0
0919,0,0,0,0,0,1,0,0,0,1,0,1,0,0,0,0,0,0,0,0,0,1,1,0,0,0,0,0,0,0,0,0,0,0,0,0,0,0,0,0,0,0,0,3,0,0,0,2,0,3,0,0,0,0,0,0,0,0,0,2,2,0,0,0,0,0,0,0,0,0,0,0,0,0,0,0,0,0,0,0,0,18,0,0,0,12,0,18,0,0,0,0,0,0,0,0,0,12,7,0,0,0,0,0,0,0,0,0,0,0,0,0,0,0
0920,0,0,0,0,0,1,0,1,0,1,0,0,0,0,0,0,0,0,0,0,0,0,1,0,0,0,0,0,0,0,0,0,0,0,0,0,0,0,0,0,0,0,0,4,0,2,0,4,0,0,0,0,0,0,0,0,0,0,0,0,5,0,0,0,0,0,0,0,0,0,0,0,0,0,0,0,0,0,0,0,0,24,0,13,0,24,0,0,0,0,0,0,0,0,0,0,0,0,21,0,0,0,0,0,0,0,0,0,0,0,0,0,0,0
0921,0,0,0,0,0,1,0,1,0,1,0,1,0,0,0,0,0,0,0,0,0,1,1,0,0,0,0,0,0,0,0,0,0,0,0,0,0,0,0,0,0,0,0,5,0,1,0,2,0,2,0,0,0,0,0,0,0,0,0,1,3,0,0,0,0,0,0,0,0,0,0,0,0,0,0,0,0,0,0,0,0,30,0,6,0,12,0,12,0,0,0,0,0,0,0,0,0,6,13,0,0,0,0,0,0,0,0,0,0,0,0,0,0,0
0922,0,0,0,0,0,1,0,1,0,1,0,1,0,0,0,0,0,0,0,0,0,1,1,0,0,0,0,0,0,0,0,0,0,0,0,0,0,0,0,0,0,0,0,8,0,2,0,7,0,2,0,0,0,0,0,0,0,0,0,4,2,0,0,0,0,0,0,0,0,0,0,0,0,0,0,0,0,0,0,0,0,49,0,10,0,37,0,16,0,0,0,0,0,0,0,0,0,19,12,0,0,0,0,0,0,0,0,0,0,0,0,0,0,0
0923,0,0,0,0,0,1,0,1,0,1,0,1,0,0,0,0,0,0,0,0,0,1,1,0,0,0,0,0,0,0,0,0,0,0,0,0,0,0,0,0,0,0,0,10,0,1,0,4,0,6,0,0,0,0,0,0,0,0,0,2,2,0,0,0,0,0,0,0,0,0,0,0,0,0,0,0,0,0,0,0,0,84,0,6,0,26,0,26,0,0,0,0,0,0,0,0,0,12,12,0,0,0,0,0,0,0,0,0,0,0,0,0,0,0
0924,0,0,0,0,0,1,0,1,0,1,0,1,0,0,1,0,1,0,0,0,0,1,1,0,0,0,0,0,0,0,0,0,0,0,0,0,0,0,0,0,0,0,0,3,0,5,0,4,0,3,0,0,1,0,1,0,0,0,0,1,2,0,0,0,0,0,0,0,0,0,0,0,0,0,0,0,0,0,0,0,0,19,0,28,0,24,0,17,0,0,4,0,6,0,0,0,0,6,12,0,0,0,0,0,0,0,0,0,0,0,0,0,0,0
0925,0,0,0,0,0,1,0,1,0,1,0,1,0,0,1,0,0,0,0,0,0,0,1,0,0,0,0,0,0,0,0,0,0,0,0,0,0,0,0,0,0,0,0,5,0,1,0,4,0,4,0,0,11,0,0,0,0,0,0,0,2,0,0,0,0,0,0,0,0,0,0,0,0,0,0,0,0,0,0,0,0,36,0,6,0,24,0,23,0,0,66,0,0,0,0,0,0,0,12,0,0,0,0,0,0,0,0,0,0,0,0,0,0,0
0926,0,0,0,0,0,1,0,0,0,1,0,1,0,0,1,0,0,0,0,0,0,1,1,0,0,0,0,0,0,0,0,0,0,0,0,0,0,0,0,0,0,0,0,5,0,0,0,3,0,5,0,0,8,0,0,0,0,0,0,1,1,0,0,0,0,0,0,0,0,0,0,0,0,0,0,0,0,0,0,0,0,21,0,0,0,19,0,26,0,0,47,0,0,0,0,0,0,6,6,0,0,0,0,0,0,0,0,0,0,0,0,0,0,0
0927,0,0,0,0,0,1,1,1,0,1,0,1,0,0,1,0,0,0,0,0,0,1,1,0,0,0,0,0,0,0,0,0,0,0,0,0,0,0,0,0,0,0,0,5,2,1,0,1,0,4,0,0,7,0,0,0,0,0,0,4,1,0,0,0,0,0,0,0,0,0,0,0,0,0,0,0,0,0,0,0,0,27,9,7,0,6,0,20,0,0,40,0,0,0,0,0,0,21,4,0,0,0,0,0,0,0,0,0,0,0,0,0,0,0
0928,0,0,0,0,0,1,1,1,0,1,1,1,0,0,1,0,1,0,0,0,0,1,1,0,0,0,0,0,0,0,0,0,0,0,0,0,0,0,0,0,0,0,0,3,1,1,0,4,3,2,0,0,10,0,1,0,0,0,0,1,4,0,0,0,0,0,0,0,0,0,0,0,0,0,0,0,0,0,0,0,0,18,6,3,0,25,16,8,0,0,62,0,6,0,0,0,0,6,24,0,0,0,0,0,0,0,0,0,0,0,0,0,0,0
0929,0,0,0,0,0,1,1,1,1,1,0,1,0,0,1,0,0,0,0,0,0,1,0,0,0,0,0,0,0,0,1,0,0,0,0,0,0,0,0,0,0,0,0,9,3,2,1,2,0,6,0,0,8,0,0,0,0,0,0,4,0,0,0,0,0,0,0,0,1,0,0,0,0,0,0,0,0,0,0,0,0,58,18,13,6,10,0,35,0,0,48,0,0,0,0,0,0,22,0,0,0,0,0,0,0,0,4,0,0,0,0,0,0,0
0930,0,0,1,0,0,1,0,1,0,1,0,1,0,0,1,0,1,0,0,0,0,1,1,0,0,0,0,0,0,0,0,0,0,0,0,0,0,0,0,0,2,0,0,4,0,2,0,3,0,4,0,0,12,0,2,0,0,0,0,2,2,0,0,0,0,0,0,0,0,0,0,0,0,0,0,0,0,0,12,0,0,24,0,12,0,14,0,24,0,0,70,0,16,0,0,0,0,12,12,0,0,0,0,0,0,0,0,0,0,0,0,0,0,0
1001,0,0,0,0,0,1,0,0,0,0,0,1,0,0,1,0,0,0,0,0,0,1,1,0,0,0,0,0,0,0,0,0,0,0,0,0,0,0,0,0,0,0,0,4,0,0,0,0,0,3,0,0,3,0,0,0,0,0,0,3,2,0,0,0,0,0,0,0,0,0,0,0,0,0,0,0,0,0,0,0,0,24,0,0,0,0,0,18,0,0,18,0,0,0,0,0,0,18,12,0,0,0,0,0,0,0,0,0,0,0,0,0,0,0
1002,1,0,0,0,0,1,1,1,0,1,0,1,0,0,0,0,0,0,0,0,0,1,1,0,0,0,0,0,0,0,0,0,0,0,0,0,0,0,5,0,0,0,0,6,1,2,0,5,0,3,0,0,0,0,0,0,0,0,0,1,3,0,0,0,0,0,0,0,0,0,0,0,0,0,0,0,32,0,0,0,0,36,6,12,0,32,0,16,0,0,0,0,0,0,0,0,0,4,22,0,0,0,0,0,0,0,0,0,0,0,0,0,0,0
1003,1,0,0,0,0,1,1,0,1,1,0,1,0,1,0,0,0,0,0,1,0,0,1,0,0,0,0,0,0,0,0,0,0,0,0,0,0,0,2,0,0,0,0,4,1,0,3,3,0,2,0,1,0,0,0,0,0,1,0,0,1,0,0,0,0,0,0,0,0,0,0,0,0,0,0,0,14,0,0,0,0,24,6,0,12,16,0,12,0,3,0,0,0,0,0,6,0,0,8,0,0,0,0,0,0,0,0,0,0,0,0,0,0,0
1004,1,0,0,0,0,1,1,1,1,0,0,1,0,0,0,0,1,0,0,0,0,1,0,0,0,0,0,0,0,0,0,0,0,0,0,0,0,0,1,0,0,0,0,5,1,1,5,0,0,6,0,0,0,0,1,0,0,0,0,3,0,0,0,0,0,0,0,0,0,0,0,0,0,0,0,0,6,0,0,0,0,28,6,6,27,0,0,34,0,0,0,0,6,0,0,0,0,18,0,0,0,0,0,0,0,0,0,0,0,0,0,0,0,0
1005,1,0,0,0,0,1,1,1,0,1,0,1,0,0,0,0,1,0,0,0,0,0,1,0,0,0,0,0,0,0,0,0,0,0,0,0,0,0,1,0,0,0,0,2,1,1,0,3,0,2,0,0,0,0,1,0,0,0,0,0,2,0,0,0,0,0,0,0,0,0,0,0,0,0,0,0,6,0,0,0,0,12,4,6,0,18,0,16,0,0,0,0,6,0,0,0,0,0,14,0,0,0,0,0,0,0,0,0,0,0,0,0,0,0
1006,0,0,0,0,0,1,1,1,1,1,0,1,0,0,0,0,0,0,0,0,0,1,0,0,0,0,0,1,0,0,0,0,0,0,0,0,0,0,0,0,0,0,0,5,5,3,1,2,0,5,0,0,0,0,0,0,0,0,0,2,0,0,0,0,0,1,0,0,0,0,0,0,0,0,0,0,0,0,0,0,0,27,30,18,3,10,0,26,0,0,0,0,0,0,0,0,0,11,0,0,0,0,0,4,0,0,0,0,0,0,0,0,0,0
1007,0,0,0,0,0,1,1,1,0,1,0,1,0,0,0,0,0,0,1,0,0,1,0,0,0,0,0,0,0,0,1,0,0,0,0,0,0,0,0,0,0,0,0,6,4,5,0,3,0,4,0,0,0,0,0,0,4,0,0,4,0,0,0,0,0,0,0,0,1,0,0,0,0,0,0,0,0,0,0,0,0,31,21,32,0,13,0,22,0,0,0,0,0,0,22,0,0,16,0,0,0,0,0,0,0,0,0,0,0,0,0,0,0,0
1008,0,0,0,0,0,1,1,1,0,1,0,1,0,0,1,0,1,0,1,0,0,1,1,0,0,0,0,0,0,0,0,0,0,0,0,0,0,0,0,0,0,0,0,3,3,3,0,4,0,4,0,0,1,0,1,0,3,0,0,2,1,0,0,0,0,0,0,0,0,0,0,0,0,0,0,0,0,0,0,0,0,18,18,17,0,26,0,20,0,0,2,0,6,0,18,0,0,12,6,0,0,0,0,0,0,0,0,0,0,0,0,0,0,0
1009,0,0,0,0,0,1,1,1,0,1,0,1,0,0,1,0,0,0,1,0,0,1,1,0,0,0,0,0,0,0,0,0,0,0,0,0,0,0,0,0,0,0,0,7,1,4,0,4,0,3,0,0,2,0,0,0,1,0,0,2,1,0,0,0,0,0,0,0,0,0,0,0,0,0,0,0,0,0,0,0,0,40,6,24,0,24,0,18,0,0,10,0,0,0,6,0,0,12,8,0,0,0,0,0,0,0,0,0,0,0,0,0,0,0
1010,0,0,0,0,0,0,0,1,0,1,0,1,0,0,1,0,1,0,1,0,0,1,1,0,0,0,0,0,0,0,1,0,0,0,0,0,0,0,0,0,0,0,0,0,0,1,0,7,0,3,0,0,3,0,1,0,2,0,0,2,2,0,0,0,0,0,0,0,1,0,0,0,0,0,0,0,0,0,0,0,0,0,0,6,0,40,0,18,0,0,18,0,4,0,12,0,0,9,9,0,0,0,0,0,0,0,4,0,0,0,0,0,0,0
1011,0,0,0,0,0,1,0,1,0,1,0,1,0,0,1,0,1,0,1,0,0,1,1,0,0,0,0,0,0,0,0,0,0,0,0,0,0,0,0,0,0,0,0,6,0,6,0,5,0,6,0,0,4,0,1,0,3,0,0,1,2,0,0,0,0,0,0,0,0,0,0,0,0,0,0,0,0,0,0,0,0,33,0,36,0,30,0,38,0,0,24,0,4,0,18,0,0,6,9,0,0,0,0,0,0,0,0,0,0,0,0,0,0,0
1012,0,0,0,0,0,1,0,1,0,1,0,1,0,0,1,0,1,0,1,0,0,1,1,0,0,0,0,0,0,0,0,0,0,0,0,0,0,0,0,0,0,0,0,5,0,1,0,9,0,3,0,0,2,0,1,0,3,0,0,1,1,0,0,0,0,0,0,0,0,0,0,0,0,0,0,0,0,0,0,0,0,27,0,6,0,50,0,16,0,0,12,0,10,0,18,0,0,6,3,0,0,0,0,0,0,0,0,0,0,0,0,0,0,0
1013,0,0,0,0,0,1,0,1,0,1,0,1,0,0,1,0,1,0,0,0,0,0,1,0,0,0,0,0,0,0,0,0,0,0,0,0,0,0,0,0,0,0,0,5,0,3,0,9,0,2,0,0,1,0,1,0,0,0,0,0,1,0,0,0,0,0,0,0,0,0,0,0,0,0,0,0,0,0,0,0,0,30,0,18,0,50,0,12,0,0,6,0,10,0,0,0,0,0,6,0,0,0,0,0,0,0,0,0,0,0,0,0,0,0
1014,0,0,0,0,0,1,0,1,0,1,0,1,0,0,1,0,0,0,1,0,0,1,1,0,0,0,0,0,0,0,0,0,0,0,0,0,0,0,0,0,0,0,0,5,0,1,0,8,0,3,0,0,7,0,0,0,1,0,0,5,2,0,0,0,0,0,0,0,0,0,0,0,0,0,0,0,0,0,0,0,0,28,0,6,0,44,0,13,0,0,42,0,0,0,6,0,0,24,14,0,0,0,0,0,0,0,0,0,0,0,0,0,0,0
1015,0,0,0,0,0,1,0,1,0,1,0,1,0,0,1,0,0,0,1,0,0,0,1,0,0,0,0,0,0,0,0,0,0,0,0,0,0,0,0,0,0,0,0,3,0,4,0,8,0,6,0,0,1,0,0,0,1,0,0,0,3,0,0,0,0,0,0,0,0,0,0,0,0,0,0,0,0,0,0,0,0,12,0,20,0,38,0,42,0,0,6,0,0,0,4,0,0,0,16,0,0,0,0,0,0,0,0,0,0,0,0,0,0,0
1016,0,0,0,0,0,1,0,1,0,1,0,1,0,0,0,0,1,0,0,0,0,1,1,0,0,0,0,0,0,0,0,0,0,0,0,0,0,0,0,0,0,0,0,4,0,6,0,2,0,2,0,0,0,0,2,0,0,0,0,2,4,0,0,0,0,0,0,0,0,0,0,0,0,0,0,0,0,0,0,0,0,22,0,29,0,9,0,14,0,0,0,0,12,0,0,0,0,16,18,0,0,0,0,0,0,0,0,0,0,0,0,0,0,0
1017,0,0,0,0,0,1,0,1,0,1,1,1,0,0,0,0,1,0,0,0,0,1,0,0,0,0,0,0,0,0,0,0,0,0,0,0,0,0,0,0,0,0,0,4,0,1,0,2,2,4,0,0,0,0,1,0,0,0,0,1,0,0,0,0,0,0,0,0,0,0,0,0,0,0,0,0,0,0,0,0,0,20,0,6,0,9,12,24,0,0,0,0,6,0,0,0,0,6,0,0,0,0,0,0,0,0,0,0,0,0,0,0,0,0
1018,0,0,0,0,0,1,0,1,0,1,1,1,0,0,0,0,0,0,0,0,0,1,1,0,0,0,0,0,0,0,0,0,0,0,0,0,0,0,0,0,0,0,0,1,0,1,0,3,2,6,0,0,0,0,0,0,0,0,0,2,1,0,0,0,0,0,0,0,0,0,0,0,0,0,0,0,0,0,0,0,0,10,0,6,0,18,12,36,0,0,0,0,0,0,0,0,0,9,6,0,0,0,0,0,0,0,0,0,0,0,0,0,0,0
1019,0,0,0,0,0,1,0,1,0,1,1,1,0,0,0,0,0,0,0,0,0,1,1,0,0,0,0,0,0,0,0,0,0,0,0,0,0,0,0,0,0,0,0,5,0,3,0,3,3,3,0,0,0,0,0,0,0,0,0,2,1,0,0,0,0,0,0,0,0,0,0,0,0,0,0,0,0,0,0,0,0,32,0,17,0,18,18,18,0,0,0,0,0,0,0,0,0,9,6,0,0,0,0,0,0,0,0,0,0,0,0,0,0,0
1020,0,0,0,0,0,1,0,1,0,1,1,1,0,0,0,0,0,0,0,0,0,1,1,0,0,0,0,0,0,0,0,0,0,0,0,0,0,0,0,0,0,0,0,4,0,5,0,4,2,4,0,0,0,0,0,0,0,0,0,1,4,0,0,0,0,0,0,0,0,0,0,0,0,0,0,0,0,0,0,0,0,24,0,30,0,20,12,22,0,0,0,0,0,0,0,0,0,4,22,0,0,0,0,0,0,0,0,0,0,0,0,0,0,0
1021,0,0,0,0,0,1,0,1,0,1,1,1,0,0,0,0,0,0,0,0,0,1,0,0,0,0,0,0,0,0,0,0,0,0,0,0,0,0,0,0,0,0,0,6,0,2,0,3,3,2,0,0,0,0,0,0,0,0,0,4,0,0,0,0,0,0,0,0,0,0,0,0,0,0,0,0,0,0,0,0,0,34,0,12,0,14,18,13,0,0,0,0,0,0,0,0,0,22,0,0,0,0,0,0,0,0,0,0,0,0,0,0,0,0
1022,0,0,0,0,0,1,0,1,0,1,1,1,0,0,0,0,0,0,0,0,0,1,0,0,0,0,0,0,0,0,0,0,0,0,0,0,0,0,0,0,0,0,0,6,0,2,0,5,6,4,0,0,0,0,0,0,0,0,0,2,0,0,0,0,0,0,0,0,0,0,0,0,0,0,0,0,0,0,0,0,0,31,0,12,0,30,32,24,0,0,0,0,0,0,0,0,0,10,0,0,0,0,0,0,0,0,0,0,0,0,0,0,0,0
1023,0,0,0,0,0,1,0,1,0,1,1,1,0,0,0,0,1,0,0,0,0,0,1,0,0,0,0,0,0,0,0,0,0,0,0,0,0,0,0,0,0,0,0,3,0,9,0,2,1,1,0,0,0,0,1,0,0,0,0,0,3,0,0,0,0,0,0,0,0,0,0,0,0,0,0,0,0,0,0,0,0,14,0,51,0,12,6,6,0,0,0,0,4,0,0,0,0,0,12,0,0,0,0,0,0,0,0,0,0,0,0,0,0,0
1024,1,0,0,0,0,1,0,1,0,1,0,1,0,0,0,0,1,0,0,0,0,0,0,0,0,0,0,0,0,0,0,0,0,0,0,0,0,0,1,0,0,0,0,7,0,1,0,1,0,3,0,0,0,0,1,0,0,0,0,0,0,0,0,0,0,0,0,0,0,0,0,0,0,0,0,0,4,0,0,0,0,47,0,6,0,6,0,18,0,0,0,0,4,0,0,0,0,0,0,0,0,0,0,0,0,0,0,0,0,0,0,0,0,0
1025,1,0,0,0,0,1,0,0,1,1,0,1,0,0,0,0,1,1,0,0,0,1,1,0,0,0,0,0,0,0,0,0,0,0,0,0,0,0,2,0,0,0,0,7,0,0,2,4,0,3,0,0,0,0,2,2,0,0,0,1,3,0,0,0,0,0,0,0,0,0,0,0,0,0,0,0,9,0,0,0,0,27,0,0,12,17,0,18,0,0,0,0,6,12,0,0,0,6,15,0,0,0,0,0,0,0,0,0,0,0,0,0,0,0
1026,1,0,0,0,0,1,0,1,0,1,0,1,0,0,0,0,1,1,0,0,0,1,0,0,0,0,0,0,0,0,0,0,0,0,0,0,0,0,3,0,0,0,0,7,0,2,0,4,0,2,0,0,0,0,1,1,0,0,0,3,0,0,0,0,0,0,0,0,0,0,0,0,0,0,0,0,16,0,0,0,0,34,0,10,0,24,0,11,0,0,0,0,3,6,0,0,0,16,0,0,0,0,0,0,0,0,0,0,0,0,0,0,0,0
1027,1,0,0,0,0,1,0,1,0,1,0,1,0,0,0,0,1,0,0,0,0,1,0,0,0,0,0,0,0,0,0,0,0,0,0,0,0,0,2,0,0,0,0,5,0,1,0,5,0,2,0,0,0,0,1,0,0,0,0,2,0,0,0,0,0,0,0,0,0,0,0,0,0,0,0,0,9,0,0,0,0,27,0,6,0,26,0,12,0,0,0,0,6,0,0,0,0,12,0,0,0,0,0,0,0,0,0,0,0,0,0,0,0,0
1028,1,0,0,0,1,1,0,1,0,1,0,1,0,0,1,0,0,0,0,0,0,0,1,0,0,0,0,0,0,0,0,0,0,0,0,0,0,0,3,0,0,0,1,5,0,5,0,8,0,4,0,0,5,0,0,0,0,0,0,0,2,0,0,0,0,0,0,0,0,0,0,0,0,0,0,0,18,0,0,0,0,25,0,32,0,38,0,19,0,0,23,0,0,0,0,0,0,0,16,0,0,0,0,0,0,0,0,0,0,0,0,0,0,0
1029,1,0,1,1,1,1,1,1,1,1,1,1,0,1,1,1,1,1,1,0,0,1,1,0,1,0,0,0,0,0,0,0,0,0,0,0,0,0,9,0,2,6,1,6,1,23,3,27,2,7,0,2,1,11,1,3,2,0,0,4,14,0,2,0,0,0,0,0,0,0,0,0,0,0,0,0,54,0,10,19,6,30,6,125,18,158,8,35,0,16,4,53,6,7,9,0,0,25,66,0,0,0,0,0,0,0,0,0,0,0,0,0,0,0
1030,1,0,1,0,0,1,1,1,1,1,0,1,0,0,1,1,0,1,1,0,0,1,1,0,1,0,0,0,0,0,0,0,0,0,0,0,0,0,14,0,5,0,0,5,1,10,1,26,0,8,0,0,1,25,0,7,1,0,0,4,8,0,1,0,0,0,0,0,0,0,0,0,0,0,0,0,60,0,0,0,0,21,6,61,6,142,0,39,0,0,0,114,0,27,6,0,0,18,39,0,6,0,0,0,0,0,0,0,0,0,0,0,0,0
1031,0,0,1,0,0,0,0,1,0,1,0,1,0,0,0,1,0,1,1,1,0,0,1,0,1,0,0,0,0,0,0,0,0,0,0,0,0,0,0,0,6,0,0,0,0,3,0,19,0,5,0,0,0,10,0,8,3,1,0,0,5,0,1,0,0,0,0,0,0,0,0,0,0,0,0,0,0,0,34,0,0,0,0,18,0,100,0,24,0,0,0,41,0,38,22,6,0,0,30,0,0,0,0,0,0,0,0,0,0,0,0,0,0,0
1101,0,0,0,0,0,0,1,1,1,1,0,1,0,0,0,1,0,1,0,1,0,0,0,0,1,0,0,0,0,0,0,0,1,0,0,0,0,0,0,0,0,0,0,0,1,1,1,13,0,9,0,0,0,11,0,11,0,1,0,0,0,0,1,0,0,0,0,0,0,0,2,0,0,0,0,0,0,0,0,0,0,0,0,6,6,67,0,56,0,0,0,57,0,63,0,6,0,0,0,0,0,0,0,0,0,0,0,0,12,0,0,0,0,0
1102,1,0,1,0,0,0,0,1,1,1,0,1,0,0,1,1,0,1,1,0,0,1,1,0,1,0,0,0,0,0,0,0,0,0,0,0,0,0,2,0,2,0,0,0,0,10,1,18,0,6,0,0,14,12,0,8,1,0,0,1,4,0,3,0,0,0,0,0,0,0,0,0,0,0,0,0,12,0,12,0,0,0,0,51,4,96,0,30,0,0,78,68,0,38,0,0,0,6,22,0,15,0,0,0,0,0,0,0,0,0,0,0,0,0
1103,1,0,1,0,0,0,0,1,1,1,0,1,0,0,0,0,0,1,0,0,0,0,0,0,0,0,0,0,0,0,0,0,1,0,0,0,0,0,3,0,4,0,0,0,0,5,1,4,0,4,0,0,0,0,0,5,0,0,0,0,0,0,0,0,0,0,0,0,0,0,2,0,0,0,0,0,13,0,24,0,0,0,0,32,8,28,0,20,0,0,0,0,0,24,0,0,0,0,0,0,0,0,0,0,0,0,0,0,9,0,0,0,0,0
1104,1,0,0,0,0,0,0,1,0,1,0,1,0,0,1,0,0,1,0,1,0,0,0,0,0,0,0,0,0,0,0,0,0,0,0,0,0,0,5,0,0,0,0,0,0,5,0,4,0,8,0,0,1,0,0,3,0,1,0,0,0,0,0,0,0,0,0,0,0,0,0,0,0,0,0,0,24,0,0,0,0,0,0,29,0,25,0,43,0,0,4,0,0,9,0,4,0,0,0,0,0,0,0,0,0,0,0,0,0,0,0,0,0,0
1105,1,0,0,0,0,0,0,1,0,1,0,1,0,0,1,0,0,1,0,0,0,0,0,0,0,0,0,0,0,0,0,0,0,0,0,0,0,0,1,0,0,0,0,0,0,2,0,7,0,4,0,0,16,0,0,5,0,0,0,0,0,0,0,0,0,0,0,0,0,0,0,0,0,0,0,0,6,0,0,0,0,0,0,12,0,36,0,16,0,0,69,0,0,27,0,0,0,0,0,0,0,0,0,0,0,0,0,0,0,0,0,0,0,0
1106,1,0,0,0,0,0,0,1,0,1,0,1,0,1,1,0,0,1,0,0,0,0,0,0,0,0,0,0,0,0,0,0,0,1,0,0,0,0,1,0,0,0,0,0,0,5,0,8,0,2,0,1,12,0,0,7,0,0,0,0,0,0,0,0,0,0,0,0,0,0,0,3,0,0,0,0,6,0,0,0,0,0,0,36,0,41,0,7,0,3,58,0,0,35,0,0,0,0,0,0,0,0,0,0,0,0,0,0,0,18,0,0,0,0
1107,1,0,0,0,0,0,0,1,0,1,0,0,0,0,1,0,0,1,0,0,0,1,0,0,0,0,0,0,0,0,0,0,0,1,0,0,0,0,1,0,0,0,0,0,0,2,0,7,0,0,0,0,5,0,0,1,0,0,0,2,0,0,0,0,0,0,0,0,0,0,0,1,0,0,0,0,3,0,0,0,0,0,0,9,0,42,0,0,0,0,25,0,0,6,0,0,0,12,0,0,0,0,0,0,0,0,0,0,0,4,0,0,0,0
1108,1,0,0,0,0,0,0,0,0,1,0,0,0,0,1,0,1,1,0,0,0,1,0,0,0,0,0,0,0,0,0,0,0,0,0,0,0,0,1,0,0,0,0,0,0,0,0,7,0,0,0,0,9,0,1,5,0,0,0,2,0,0,0,0,0,0,0,0,0,0,0,0,0,0,0,0,6,0,0,0,0,0,0,0,0,37,0,0,0,0,51,0,6,28,0,0,0,12,0,0,0,0,0,0,0,0,0,0,0,0,0,0,0,0
1109,1,0,0,0,0,0,0,1,0,1,0,0,0,0,1,0,0,1,0,0,0,1,0,0,0,0,0,0,0,0,0,0,0,0,0,0,0,0,4,0,0,0,0,0,0,5,0,17,0,0,0,0,7,0,0,5,0,0,0,6,0,0,0,0,0,0,0,0,0,0,0,0,0,0,0,0,21,0,0,0,0,0,0,24,0,100,0,0,0,0,29,0,0,23,0,0,0,34,0,0,0,0,0,0,0,0,0,0,0,0,0,0,0,0
1110,1,0,0,0,0,0,0,1,0,1,0,0,0,0,1,0,0,1,0,0,0,1,0,0,0,0,0,0,0,0,0,0,0,1,0,0,0,0,2,0,0,0,0,0,0,7,0,7,0,0,0,0,3,0,0,6,0,0,0,2,0,0,0,0,0,0,0,0,0,0,0,1,0,0,0,0,12,0,0,0,0,0,0,42,0,33,0,0,0,0,15,0,0,31,0,0,0,10,0,0,0,0,0,0,0,0,0,0,0,4,0,0,0,0
1111,1,0,1,0,0,0,0,1,0,1,0,0,0,0,1,0,0,1,0,0,0,1,1,0,0,0,0,0,0,0,0,0,0,1,0,0,0,0,14,0,1,0,0,0,0,11,0,10,0,0,0,0,7,0,0,17,0,0,0,2,2,0,0,0,0,0,0,0,0,0,0,4,0,0,0,0,75,0,0,0,0,0,0,51,0,65,0,0,0,0,33,0,0,97,0,0,0,10,10,0,0,0,0,0,0,0,0,0,0,26,0,0,0,0
1112,1,0,1,0,0,1,1,1,1,1,1,1,0,0,1,1,0,1,1,0,1,1,1,0,0,0,1,0,0,0,0,0,0,1,0,1,0,0,47,0,21,0,0,4,10,25,10,15,25,25,0,0,6,14,0,24,8,0,1,4,26,0,0,0,2,0,0,0,0,0,0,5,0,1,0,0,192,0,65,0,0,21,54,131,21,89,78,60,0,0,21,30,0,105,40,0,0,24,105,0,0,0,0,0,0,0,0,0,0,22,0,6,0,0
1113,1,0,1,1,0,1,1,0,1,0,1,1,0,1,0,1,0,1,1,1,0,0,1,0,0,0,0,0,0,0,0,0,0,0,0,0,0,0,21,0,22,6,0,6,12,0,3,0,20,12,0,1,0,19,0,13,8,1,0,0,12,0,0,0,0,0,0,0,0,0,0,0,0,0,0,0,56,0,91,15,0,24,60,0,10,0,72,24,0,0,0,49,0,39,48,6,0,0,36,0,0,0,0,0,0,0,0,0,0,0,0,0,0,0
1114,1,0,1,1,0,1,0,1,1,1,1,1,0,1,0,1,0,1,0,0,1,0,1,0,1,0,0,0,0,0,0,0,1,0,0,0,0,0,12,0,16,5,0,4,0,3,2,2,6,21,0,1,0,2,0,23,0,0,2,0,10,0,1,0,0,0,0,0,0,0,1,0,0,0,0,0,41,0,78,24,0,20,0,18,10,12,30,101,0,0,0,6,0,109,0,0,12,0,45,0,3,0,0,0,0,0,0,0,6,0,0,0,0,0
1115,1,0,1,1,0,1,0,1,0,0,1,1,0,1,0,1,0,1,0,0,0,0,1,0,0,0,0,0,0,0,0,0,0,0,0,0,0,0,9,0,7,8,0,4,0,4,0,0,11,22,0,1,0,2,0,15,0,0,0,0,8,0,0,0,0,0,0,0,0,0,0,0,0,0,0,0,48,0,36,50,0,25,0,24,0,0,68,112,0,0,0,10,0,72,0,0,0,0,30,0,0,0,0,0,0,0,0,0,0,0,0,0,0,0
1116,1,0,1,1,0,0,0,0,0,1,1,1,0,0,0,1,1,1,0,0,0,0,1,0,1,0,0,0,0,0,0,0,0,0,0,0,0,0,13,0,6,12,0,0,0,0,0,1,13,5,0,0,0,1,1,15,0,0,0,0,6,0,2,0,0,0,0,0,0,0,0,0,0,0,0,0,69,0,34,52,0,0,0,0,0,6,68,30,0,0,0,6,8,92,0,0,0,0,35,0,6,0,0,0,0,0,0,0,0,0,0,0,0,0
1117,1,0,0,1,0,1,0,0,0,1,1,1,0,0,0,1,0,1,0,0,0,0,0,0,1,0,0,1,0,0,0,0,0,0,0,0,0,0,1,0,0,6,0,1,0,0,0,5,13,2,0,0,0,4,0,16,0,0,0,0,0,0,1,0,0,1,0,0,0,0,0,0,0,0,0,0,4,0,0,30,0,6,0,0,0,26,64,12,0,0,0,24,0,84,0,0,0,0,0,0,6,0,0,4,0,0,0,0,0,0,0,0,0,0
1118,0,0,0,1,0,0,0,0,0,1,1,1,0,0,0,1,0,1,0,0,0,0,0,0,1,0,0,0,0,0,0,0,1,0,0,0,0,0,0,0,0,4,0,0,0,0,0,2,17,6,0,0,0,3,0,4,0,0,0,0,0,0,1,0,0,0,0,0,0,0,2,0,0,0,0,0,0,0,0,24,0,0,0,0,0,12,96,36,0,0,0,15,0,22,0,0,0,0,0,0,6,0,0,0,0,0,0,0,10,0,0,0,0,0
1119,0,0,0,0,0,0,0,0,0,1,1,1,0,0,0,1,0,1,1,1,0,0,0,0,0,0,0,0,0,0,0,0,0,0,0,0,0,0,0,0,0,0,0,0,0,0,0,3,16,3,0,0,0,2,0,5,1,1,0,0,0,0,0,0,0,0,0,0,0,0,0,0,0,0,0,0,0,0,0,0,0,0,0,0,0,18,98,18,0,0,0,7,0,23,6,3,0,0,0,0,0,0,0,0,0,0,0,0,0,0,0,0,0,0
1120,0,0,0,1,0,0,0,0,0,1,1,0,0,0,0,1,0,1,1,0,0,0,0,0,0,0,0,0,0,0,0,0,0,0,0,0,0,0,0,0,0,6,0,0,0,0,0,4,23,0,0,0,0,3,0,5,1,0,0,0,0,0,0,0,0,0,0,0,0,0,0,0,0,0,0,0,0,0,0,33,0,0,0,0,0,21,116,0,0,0,0,18,0,26,4,0,0,0,0,0,0,0,0,0,0,0,0,0,0,0,0,0,0,0
1121,0,0,0,1,0,0,0,0,0,1,1,0,0,0,0,1,0,1,1,0,0,0,0,0,0,0,0,0,0,0,0,0,0,1,0,0,0,0,0,0,0,4,0,0,0,0,0,1,15,0,0,0,0,3,0,5,5,0,0,0,0,0,0,0,0,0,0,0,0,0,0,1,0,0,0,0,0,0,0,24,0,0,0,0,0,6,82,0,0,0,0,14,0,26,27,0,0,0,0,0,0,0,0,0,0,0,0,0,0,4,0,0,0,0
1122,1,0,0,1,0,0,0,0,0,1,1,0,0,0,0,1,0,1,1,0,0,0,0,0,0,0,0,0,0,0,0,0,0,0,0,0,0,0,2,0,0,4,0,0,0,0,0,2,12,0,0,0,0,5,0,4,6,0,0,0,0,0,0,0,0,0,0,0,0,0,0,0,0,0,0,0,14,0,0,28,0,0,0,0,0,10,68,0,0,0,0,26,0,24,33,0,0,0,0,0,0,0,0,0,0,0,0,0,0,0,0,0,0,0
1123,0,0,0,1,0,0,0,0,0,1,1,1,0,0,0,1,0,1,1,0,0,0,0,0,0,0,0,0,0,0,0,0,0,1,0,0,0,0,0,0,0,6,0,0,0,0,0,1,23,1,0,0,0,4,0,5,4,0,0,0,0,0,0,0,0,0,0,0,0,0,0,1,0,0,0,0,0,0,0,33,0,0,0,0,0,4,123,6,0,0,0,23,0,28,24,0,0,0,0,0,0,0,0,0,0,0,0,0,0,6,0,0,0,0
1124,1,0,0,1,0,0,0,0,0,1,1,0,0,0,0,1,0,1,1,0,0,0,0,0,0,0,0,0,0,0,0,0,0,0,0,0,0,0,1,0,0,3,0,0,0,0,0,1,17,0,0,0,0,1,0,7,6,0,0,0,0,0,0,0,0,0,0,0,0,0,0,0,0,0,0,0,7,0,0,18,0,0,0,0,0,6,99,0,0,0,0,7,0,39,44,0,0,0,0,0,0,0,0,0,0,0,0,0,0,0,0,0,0,0
1125,1,0,0,1,0,0,0,0,0,0,1,0,0,0,0,0,0,1,1,0,0,0,0,0,0,0,0,0,0,0,0,0,0,0,0,0,0,0,1,0,0,3,0,0,0,0,0,0,18,0,0,0,0,0,0,3,6,0,0,0,0,0,0,0,0,0,0,0,0,0,0,0,0,0,0,0,6,0,0,16,0,0,0,0,0,0,100,0,0,0,0,0,0,20,36,0,0,0,0,0,0,0,0,0,0,0,0,0,0,0,0,0,0,0
1126,1,0,0,1,0,0,0,0,0,1,1,1,0,0,0,1,0,1,1,0,0,0,0,0,0,0,0,0,0,0,0,0,0,0,0,0,0,0,1,0,0,3,0,0,0,0,0,1,16,1,0,0,0,1,0,3,3,0,0,0,0,0,0,0,0,0,0,0,0,0,0,0,0,0,0,0,6,0,0,16,0,0,0,0,0,6,89,6,0,0,0,6,0,17,18,0,0,0,0,0,0,0,0,0,0,0,0,0,0,0,0,0,0,0
1127,0,0,0,1,0,0,0,0,0,1,1,1,0,0,0,1,0,1,1,0,0,0,0,0,0,0,0,0,0,0,0,0,0,0,0,0,0,0,0,0,0,1,0,0,0,0,0,1,22,2,0,0,0,1,0,1,5,0,0,0,0,0,0,0,0,0,0,0,0,0,0,0,0,0,0,0,0,0,0,6,0,0,0,0,0,6,125,12,0,0,0,6,0,6,28,0,0,0,0,0,0,0,0,0,0,0,0,0,0,0,0,0,0,0
1128,1,0,0,1,0,0,0,0,0,1,1,0,0,0,0,1,0,1,1,0,0,0,0,0,0,0,0,0,0,0,0,0,0,0,0,0,0,0,2,0,0,2,0,0,0,0,0,3,21,0,0,0,0,1,0,3,3,0,0,0,0,0,0,0,0,0,0,0,0,0,0,0,0,0,0,0,12,0,0,12,0,0,0,0,0,18,115,0,0,0,0,4,0,20,18,0,0,0,0,0,0,0,0,0,0,0,0,0,0,0,0,0,0,0
1129,0,0,0,1,0,0,0,0,0,1,1,1,0,0,0,1,0,1,1,0,0,0,0,0,0,0,0,0,0,0,0,0,0,0,0,0,0,0,0,0,0,5,0,0,0,0,0,2,12,1,0,0,0,2,0,5,4,0,0,0,0,0,0,0,0,0,0,0,0,0,0,0,0,0,0,0,0,0,0,30,0,0,0,0,0,10,65,6,0,0,0,12,0,32,24,0,0,0,0,0,0,0,0,0,0,0,0,0,0,0,0,0,0,0
1130,1,0,0,1,0,0,1,1,1,1,1,1,0,0,1,1,0,1,1,0,0,0,1,0,1,0,0,0,0,0,0,0,0,0,0,0,0,0,11,0,0,6,0,0,3,21,3,2,34,1,0,0,1,8,0,12,9,0,0,0,17,0,2,0,0,0,0,0,0,0,0,0,0,0,0,0,60,0,0,36,0,0,16,127,18,12,183,6,0,0,6,47,0,67,60,0,0,0,98,0,12,0,0,0,0,0,0,0,0,0,0,0,0,0
1201,1,0,0,1,0,0,1,1,1,1,1,1,0,0,0,1,1,1,1,0,0,1,1,0,0,0,0,0,0,1,0,0,0,0,0,0,0,0,39,0,0,8,0,0,5,1,6,2,12,1,0,0,0,10,2,15,9,0,0,1,10,0,0,0,0,0,0,1,0,0,0,0,0,0,0,0,199,0,0,56,0,0,28,6,32,12,68,6,0,0,0,56,12,76,45,0,0,4,48,0,0,0,0,0,0,0,0,0,0,0,0,0,0,0
1202,0,0,0,1,0,0,1,0,1,1,0,0,0,0,0,1,1,1,1,1,0,0,1,0,0,0,0,0,0,0,0,0,0,1,0,0,0,0,0,0,0,3,0,0,1,0,3,1,0,0,0,0,0,3,1,11,1,1,0,0,10,0,0,0,0,0,0,0,0,0,0,1,0,0,0,0,0,0,0,18,0,0,6,0,16,10,0,0,0,0,0,18,10,83,10,6,0,0,64,0,0,0,0,0,0,0,0,0,0,6,0,0,0,0
1203,1,0,0,1,0,1,0,0,0,1,0,1,0,0,0,1,1,1,1,0,0,0,1,0,0,0,0,0,0,0,0,0,0,0,0,0,0,0,1,0,0,2,0,1,0,0,0,3,0,1,0,0,0,7,1,9,1,0,0,0,8,0,0,0,0,0,0,0,0,0,0,0,0,0,0,0,10,0,0,10,0,6,0,0,0,20,0,6,0,0,0,52,6,67,6,0,0,0,64,0,0,0,0,0,0,0,0,0,0,0,0,0,0,0
1204,1,0,0,1,0,1,0,0,0,1,0,0,0,0,0,1,0,1,0,0,0,0,1,0,0,0,0,0,0,0,0,0,0,0,0,0,0,0,4,0,0,1,0,1,0,0,0,4,0,0,0,0,0,2,0,3,0,0,0,0,7,0,0,0,0,0,0,0,0,0,0,0,0,0,0,0,30,0,0,6,0,8,0,0,0,36,0,0,0,0,0,10,0,26,0,0,0,0,50,0,0,0,0,0,0,0,0,0,0,0,0,0,0,0
1205,1,0,0,1,0,1,0,1,1,1,0,1,0,1,0,1,1,1,0,0,0,1,1,0,0,0,0,1,0,0,0,0,1,0,0,0,0,0,13,0,0,2,0,3,0,1,6,3,0,4,0,1,0,1,2,9,0,0,0,2,15,0,0,0,0,1,0,0,0,0,1,0,0,0,0,0,87,0,0,12,0,26,0,6,33,18,0,18,0,6,0,6,16,60,0,0,0,16,90,0,0,0,0,10,0,0,0,0,3,0,0,0,0,0
1206,1,0,0,0,0,1,0,0,1,1,0,0,0,1,0,0,0,1,0,0,0,0,1,0,0,0,0,0,0,0,0,0,0,1,0,0,0,0,16,0,0,0,0,6,0,0,5,1,0,0,0,1,0,0,0,8,0,0,0,0,20,0,0,0,0,0,0,0,0,0,0,1,0,0,0,0,102,0,0,0,0,48,0,0,34,3,0,0,0,4,0,0,0,50,0,0,0,0,116,0,0,0,0,0,0,0,0,0,0,6,0,0,0,0
1207,1,0,0,1,0,1,0,0,1,1,0,1,0,1,0,0,0,1,0,0,0,0,1,0,0,0,0,0,0,0,0,0,0,0,0,0,0,0,16,0,0,1,0,3,0,0,11,3,0,1,0,3,0,0,0,20,0,0,0,0,20,0,0,0,0,0,0,0,0,0,0,0,0,0,0,0,101,0,0,4,0,18,0,0,71,22,0,6,0,18,0,0,0,150,0,0,0,0,122,0,0,0,0,0,0,0,0,0,0,0,0,0,0,0
1208,1,0,1,1,0,0,0,0,1,1,0,1,0,0,0,1,0,1,0,0,0,0,0,0,0,0,0,0,0,0,0,0,0,0,0,0,0,0,6,0,1,3,0,0,0,0,3,5,0,1,0,0,0,2,0,7,0,0,0,0,0,0,0,0,0,0,0,0,0,0,0,0,0,0,0,0,39,0,6,22,0,0,0,0,16,32,0,6,0,0,0,12,0,48,0,0,0,0,0,0,0,0,0,0,0,0,0,0,0,0,0,0,0,0
1209,1,0,0,1,0,1,0,1,1,1,0,1,0,0,0,1,1,1,0,0,0,0,0,0,0,0,0,0,0,0,0,0,0,0,0,0,0,0,2,0,0,1,0,2,0,4,2,4,0,1,0,0,0,2,1,6,0,0,0,0,0,0,0,0,0,0,0,0,0,0,0,0,0,0,0,0,16,0,0,2,0,9,0,29,12,23,0,3,0,0,0,13,6,33,0,0,0,0,0,0,0,0,0,0,0,0,0,0,0,0,0,0,0,0
1210,1,0,0,0,0,1,0,0,1,1,0,1,0,0,0,1,0,1,0,0,0,0,0,0,0,0,0,0,0,0,0,0,0,0,0,0,0,0,3,0,0,0,0,2,0,0,2,4,0,2,0,0,0,1,0,6,0,0,0,0,0,0,0,0,0,0,0,0,0,0,0,0,0,0,0,0,18,0,0,0,0,16,0,0,12,19,0,12,0,0,0,10,0,42,0,0,0,0,0,0,0,0,0,0,0,0,0,0,0,0,0,0,0,0
1211,1,0,0,1,0,1,0,0,0,1,0,1,0,0,0,1,0,1,0,0,0,0,0,0,0,0,0,0,0,0,0,0,0,0,0,0,0,0,4,0,0,3,0,4,0,0,0,5,0,1,0,0,0,2,0,6,0,0,0,0,0,0,0,0,0,0,0,0,0,0,0,0,0,0,0,0,22,0,0,16,0,32,0,0,0,24,0,4,0,0,0,12,0,44,0,0,0,0,0,0,0,0,0,0,0,0,0,0,0,0,0,0,0,0
1212,0,0,0,1,0,1,0,0,0,1,0,1,0,0,0,1,0,1,0,0,1,1,0,0,0,0,0,0,0,0,0,0,0,0,0,0,0,0,0,0,0,1,0,1,0,0,0,2,0,2,0,0,0,4,0,5,0,0,5,1,0,0,0,0,0,0,0,0,0,0,0,0,0,0,0,0,0,0,0,5,0,6,0,0,0,12,0,12,0,0,0,24,0,30,0,0,34,6,0,0,0,0,0,0,0,0,0,0,0,0,0,0,0,0
1213,1,1,0,1,0,0,0,0,0,1,0,0,0,0,0,0,0,1,0,0,1,0,0,0,0,0,0,0,0,0,0,0,0,0,0,0,0,0,3,2,0,2,0,0,0,0,0,5,0,0,0,0,0,0,0,3,0,0,2,0,0,0,0,0,0,0,0,0,0,0,0,0,0,0,0,0,20,16,0,16,0,0,0,0,0,34,0,0,0,0,0,0,0,18,0,0,16,0,0,0,0,0,0,0,0,0,0,0,0,0,0,0,0,0
1214,0,0,0,1,0,0,0,1,0,1,0,0,0,0,0,1,1,1,0,0,1,0,0,0,0,0,0,0,0,1,1,0,0,0,0,0,0,0,0,0,0,2,0,0,0,1,0,6,0,0,0,0,0,3,1,4,0,0,4,0,0,0,0,0,0,0,0,1,1,0,0,0,0,0,0,0,0,0,0,16,0,0,0,6,0,32,0,0,0,0,0,26,4,26,0,0,24,0,0,0,0,0,0,0,0,4,4,0,0,0,0,0,0,0
1215,1,0,0,0,0,0,0,1,0,1,0,0,0,0,0,1,1,1,0,1,1,0,0,0,0,0,0,0,0,1,0,0,0,1,0,0,0,0,1,0,0,0,0,0,0,1,0,2,0,0,0,0,0,1,1,6,0,1,4,0,0,0,0,0,0,0,0,1,0,0,0,1,0,0,0,0,6,0,0,0,0,0,0,6,0,16,0,0,0,0,0,4,4,35,0,6,22,0,0,0,0,0,0,0,0,6,0,0,0,6,0,0,0,0
1216,0,0,0,1,0,1,0,0,1,1,0,1,0,0,1,1,1,1,0,1,1,0,1,0,1,0,0,0,0,0,1,0,0,0,1,0,0,0,0,0,0,7,0,5,0,0,4,6,0,3,0,0,4,5,1,15,0,5,7,0,5,0,4,0,0,0,0,0,1,0,0,0,1,0,0,0,0,0,0,44,0,30,0,0,23,38,0,18,0,0,32,28,6,108,0,32,34,0,27,0,24,0,0,0,0,0,4,0,0,0,6,0,0,0
1217,1,0,0,1,0,1,1,1,1,1,0,1,0,1,1,1,0,1,0,1,1,1,1,0,1,0,0,0,0,0,0,0,0,1,0,0,0,0,3,0,0,4,0,4,3,9,10,2,0,7,0,1,10,4,0,2,0,13,2,1,8,0,5,0,0,0,0,0,0,0,0,1,0,0,0,0,16,0,0,24,0,28,18,60,64,13,0,36,0,6,48,20,0,14,0,80,14,6,43,0,38,0,0,0,0,0,0,0,0,6,0,0,0,0
1218,1,0,0,1,0,1,1,1,1,1,0,0,0,0,0,1,0,1,0,1,0,0,0,0,0,0,0,0,0,0,0,0,0,0,0,0,0,0,2,0,0,1,0,2,5,4,2,3,0,0,0,0,0,1,0,2,0,5,0,0,0,0,0,0,0,0,0,0,0,0,0,0,0,0,0,0,17,0,0,6,0,12,30,30,16,22,0,0,0,0,0,4,0,10,0,44,0,0,0,0,0,0,0,0,0,0,0,0,0,0,0,0,0,0
1219,0,0,0,1,0,0,0,0,0,1,0,0,0,0,0,1,0,1,0,1,0,0,1,0,0,0,0,0,0,0,0,0,0,0,0,0,0,0,0,0,0,1,0,0,0,0,0,1,0,0,0,0,0,1,0,2,0,3,0,0,1,0,0,0,0,0,0,0,0,0,0,0,0,0,0,0,0,0,0,6,0,0,0,0,0,6,0,0,0,0,0,6,0,12,0,18,0,0,3,0,0,0,0,0,0,0,0,0,0,0,0,0,0,0
1220,0,0,0,0,0,0,0,0,0,1,0,0,0,0,0,0,0,1,0,1,0,0,1,0,0,0,0,0,0,0,0,0,0,0,0,0,0,0,0,0,0,0,0,0,0,0,0,1,0,0,0,0,0,0,0,3,0,3,0,0,1,0,0,0,0,0,0,0,0,0,0,0,0,0,0,0,0,0,0,0,0,0,0,0,0,6,0,0,0,0,0,0,0,18,0,18,0,0,10,0,0,0,0,0,0,0,0,0,0,0,0,0,0,0
1221,0,0,0,1,0,0,0,0,0,1,0,0,0,0,1,1,0,1,1,1,0,0,1,0,0,0,0,0,0,0,0,0,0,0,0,0,0,0,0,0,0,1,0,0,0,0,0,4,0,0,0,0,1,3,0,1,1,1,0,0,3,0,0,0,0,0,0,0,0,0,0,0,0,0,0,0,0,0,0,6,0,0,0,0,0,22,0,0,0,0,6,18,0,8,6,6,0,0,18,0,0,0,0,0,0,0,0,0,0,0,0,0,0,0
1222,0,0,0,1,0,0,0,1,1,1,0,0,0,0,1,1,0,1,0,1,0,0,0,0,0,0,0,0,0,0,0,0,0,0,0,0,0,0,0,0,0,1,0,0,0,4,1,2,0,0,0,0,4,3,0,1,0,3,0,0,0,0,0,0,0,0,0,0,0,0,0,0,0,0,0,0,0,0,0,6,0,0,0,22,4,9,0,0,0,0,29,18,0,8,0,18,0,0,0,0,0,0,0,0,0,0,0,0,0,0,0,0,0,0
1223,0,0,0,1,0,0,0,1,0,1,0,0,0,0,0,1,1,1,0,1,0,0,0,1,0,0,0,0,0,0,0,0,0,0,0,0,0,0,0,0,0,3,0,0,0,1,0,2,0,0,0,0,0,3,1,3,0,3,0,0,0,3,0,0,0,0,0,0,0,0,0,0,0,0,0,0,0,0,0,16,0,0,0,0,0,12,0,0,0,0,0,18,6,20,0,18,0,0,0,13,0,0,0,0,0,0,0,0,0,0,0,0,0,0
1224,1,0,0,1,1,0,0,1,1,1,1,0,0,0,1,1,1,1,1,0,0,0,1,1,0,0,0,0,0,0,0,0,0,0,0,0,0,0,7,0,0,10,2,0,0,9,5,8,1,0,0,0,7,6,1,12,4,0,0,0,2,15,0,0,0,0,0,0,0,0,0,0,0,0,0,0,52,0,0,54,6,0,0,50,24,40,6,0,0,0,30,34,6,84,24,0,0,0,18,91,0,0,0,0,0,0,0,0,0,0,0,0,0,0
1225,1,0,0,1,1,1,1,1,1,1,1,0,0,0,1,1,0,0,1,1,0,1,1,1,0,0,0,0,0,0,0,0,0,0,0,0,0,0,11,0,0,8,13,1,5,10,27,7,1,0,0,0,5,5,0,0,16,2,0,3,14,15,0,0,0,0,0,0,0,0,0,0,0,0,0,0,60,0,0,46,66,6,30,64,148,28,6,0,0,0,30,16,0,0,74,12,0,6,72,108,0,0,0,0,0,0,0,0,0,0,0,0,0,0
1226,1,0,1,0,1,1,1,1,1,1,0,1,0,0,0,1,1,0,0,0,0,1,1,1,0,0,0,0,0,0,0,0,0,0,0,0,0,0,7,0,1,0,5,2,2,2,10,15,0,1,0,0,0,11,1,0,0,0,0,8,7,13,0,0,0,0,0,0,0,0,0,0,0,0,0,0,30,0,0,0,30,0,10,12,52,87,0,6,0,0,0,49,6,0,0,0,0,42,30,82,0,0,0,0,0,0,0,0,0,0,0,0,0,0
1227,1,0,0,1,0,1,0,1,1,1,0,1,0,0,0,1,0,0,0,0,0,1,1,1,0,0,0,0,0,0,0,0,0,0,0,0,0,0,5,0,0,1,0,1,0,1,12,7,0,1,0,0,0,11,0,0,0,0,0,13,9,3,0,0,0,0,0,0,0,0,0,0,0,0,0,0,24,0,0,6,0,6,0,6,72,38,0,8,0,0,0,56,0,0,0,0,0,74,54,20,0,0,0,0,0,0,0,0,0,0,0,0,0,0
1228,1,0,0,0,0,1,1,1,1,0,0,1,0,1,0,1,0,1,1,0,0,1,1,1,0,0,0,0,0,0,0,0,0,0,0,0,0,0,13,0,0,0,0,4,4,3,5,0,0,1,0,2,0,11,0,1,1,0,0,12,7,7,0,0,0,0,0,0,0,0,0,0,0,0,0,0,65,0,0,0,0,23,21,18,31,0,0,12,0,12,0,49,0,6,6,0,0,69,44,54,0,0,0,0,0,0,0,0,0,0,0,0,0,0
1229,1,0,0,1,0,0,0,1,0,1,0,1,0,0,0,1,1,1,0,0,0,1,1,1,0,0,0,1,0,0,0,0,0,0,0,0,0,0,2,0,0,1,0,0,0,2,0,7,0,1,0,0,0,8,1,4,0,0,0,9,9,6,0,0,0,1,0,0,0,0,0,0,0,0,0,0,12,0,0,6,0,0,0,6,0,47,0,10,0,0,0,54,6,28,0,0,0,58,60,52,0,0,0,0,0,0,0,0,0,0,0,0,0,0
1230,0,0,0,1,0,0,0,0,0,1,0,0,0,0,0,1,0,1,0,0,0,0,1,1,0,0,0,0,0,0,0,0,0,0,0,0,0,0,0,0,0,1,0,0,0,0,0,1,0,0,0,0,0,5,0,3,0,0,0,0,7,3,0,0,0,0,0,0,0,0,0,0,0,0,0,0,0,0,0,10,0,0,0,0,0,6,0,0,0,0,0,32,0,20,0,0,0,0,62,26,0,0,0,0,0,0,0,0,0,0,0,0,0,0
1231,0,0,0,1,0,0,0,1,0,1,0,1,0,0,0,1,0,1,0,0,0,0,0,0,0,0,0,0,0,0,0,0,0,0,0,0,0,0,0,0,0,2,0,0,0,1,0,3,0,1,0,0,0,3,0,1,0,0,0,0,0,0,0,0,0,0,0,0,0,0,0,0,0,0,0,0,0,0,0,14,0,0,0,6,0,18,0,6,0,0,0,20,0,10,0,0,0,0,0,0,0,0,0,0,0,0,0,0,0,0,0,0,0,0
